#,Date Heure,Temp. (°C) LGR S/N: 20385333,  #20385333,Intensité (Lux) LGR S/N: 20385333,  #20385333,Coupleur attaché LGR S/N: 20385333,Hôte connecté LGR S/N: 20385333,Arrêté LGR S/N: 20385333,Fin de fichier LGR S/N: 20385333
1,19/09/18 11:00:00,27.272,0.0,,,,
2,19/09/18 11:05:00,27.272,0.0,,,,
3,19/09/18 11:10:00,27.272,0.0,,,,
4,19/09/18 11:15:00,27.272,0.0,,,,
5,19/09/18 11:20:00,27.272,0.0,,,,
6,19/09/18 11:25:00,27.272,21.5,,,,
7,19/09/18 11:30:00,27.272,0.0,,,,
8,19/09/18 11:35:00,27.272,0.0,,,,
9,19/09/18 11:40:00,27.272,0.0,,,,
10,19/09/18 11:45:00,27.272,0.0,,,,
11,19/09/18 11:50:00,27.272,0.0,,,,
12,19/09/18 11:55:00,27.272,0.0,,,,
13,19/09/18 12:00:00,27.272,0.0,,,,
14,19/09/18 12:05:00,27.272,0.0,,,,
15,19/09/18 12:10:00,27.272,0.0,,,,
16,19/09/18 12:15:00,27.272,0.0,,,,
17,19/09/18 12:20:00,27.272,0.0,,,,
18,19/09/18 12:25:00,27.272,0.0,,,,
19,19/09/18 12:30:00,27.272,21.5,,,,
20,19/09/18 12:35:00,27.370,2238.9,,,,
21,19/09/18 12:40:00,27.370,3616.7,,,,
22,19/09/18 12:45:00,27.370,3100.0,,,,
23,19/09/18 12:50:00,27.370,3100.0,,,,
24,19/09/18 12:55:00,27.370,4305.6,,,,
25,19/09/18 13:00:00,27.370,5166.7,,,,
26,19/09/18 13:05:00,27.468,5511.1,,,,
27,19/09/18 13:10:00,27.468,5511.1,,,,
28,19/09/18 13:15:00,27.468,5166.7,,,,
29,19/09/18 13:20:00,27.468,4650.0,,,,
30,19/09/18 13:25:00,27.370,4133.4,,,,
31,19/09/18 13:30:00,27.370,3788.9,,,,
32,19/09/18 13:35:00,27.370,3616.7,,,,
33,19/09/18 13:40:00,27.370,3616.7,,,,
34,19/09/18 13:45:00,27.370,2755.6,,,,
35,19/09/18 13:50:00,27.370,2927.8,,,,
36,19/09/18 13:55:00,27.370,3616.7,,,,
37,19/09/18 14:00:00,27.370,3961.1,,,,
38,19/09/18 14:05:00,27.370,4477.8,,,,
39,19/09/18 14:10:00,27.370,4822.3,,,,
40,19/09/18 14:15:00,27.370,4477.8,,,,
41,19/09/18 14:20:00,27.468,5338.9,,,,
42,19/09/18 14:25:00,27.468,4994.5,,,,
43,19/09/18 14:30:00,27.468,6544.5,,,,
44,19/09/18 14:35:00,27.468,6544.5,,,,
45,19/09/18 14:40:00,27.468,4477.8,,,,
46,19/09/18 14:45:00,27.468,7233.4,,,,
47,19/09/18 14:50:00,27.468,7233.4,,,,
48,19/09/18 14:55:00,27.468,6544.5,,,,
49,19/09/18 15:00:00,27.468,7233.4,,,,
50,19/09/18 15:05:00,27.468,6544.5,,,,
51,19/09/18 15:10:00,27.468,5166.7,,,,
52,19/09/18 15:15:00,27.468,4994.5,,,,
53,19/09/18 15:20:00,27.468,6200.0,,,,
54,19/09/18 15:25:00,27.468,7233.4,,,,
55,19/09/18 15:30:00,27.468,8266.7,,,,
56,19/09/18 15:35:00,27.468,7577.8,,,,
57,19/09/18 15:40:00,27.468,6544.5,,,,
58,19/09/18 15:45:00,27.468,5511.1,,,,
59,19/09/18 15:50:00,27.468,5511.1,,,,
60,19/09/18 15:55:00,27.468,5166.7,,,,
61,19/09/18 16:00:00,27.468,4822.3,,,,
62,19/09/18 16:05:00,27.468,4477.8,,,,
63,19/09/18 16:10:00,27.468,4822.3,,,,
64,19/09/18 16:15:00,27.468,4994.5,,,,
65,19/09/18 16:20:00,27.468,4477.8,,,,
66,19/09/18 16:25:00,27.468,5166.7,,,,
67,19/09/18 16:30:00,27.468,4133.4,,,,
68,19/09/18 16:35:00,27.370,3616.7,,,,
69,19/09/18 16:40:00,27.370,2755.6,,,,
70,19/09/18 16:45:00,27.370,2497.2,,,,
71,19/09/18 16:50:00,27.370,2583.4,,,,
72,19/09/18 16:55:00,27.370,1808.3,,,,
73,19/09/18 17:00:00,27.370,1194.8,,,,
74,19/09/18 17:05:00,27.370,936.5,,,,
75,19/09/18 17:10:00,27.370,764.2,,,,
76,19/09/18 17:15:00,27.370,635.1,,,,
77,19/09/18 17:20:00,27.370,538.2,,,,
78,19/09/18 17:25:00,27.370,527.4,,,,
79,19/09/18 17:30:00,27.370,538.2,,,,
80,19/09/18 17:35:00,27.370,667.4,,,,
81,19/09/18 17:40:00,27.370,570.5,,,,
82,19/09/18 17:45:00,27.370,387.5,,,,
83,19/09/18 17:50:00,27.272,301.4,,,,
84,19/09/18 17:55:00,27.370,183.0,,,,
85,19/09/18 18:00:00,27.370,86.1,,,,
86,19/09/18 18:05:00,27.272,43.1,,,,
87,19/09/18 18:10:00,27.272,10.8,,,,
88,19/09/18 18:15:00,27.272,0.0,,,,
89,19/09/18 18:20:00,27.272,0.0,,,,
90,19/09/18 18:25:00,27.272,0.0,,,,
91,19/09/18 18:30:00,27.272,0.0,,,,
92,19/09/18 18:35:00,27.272,0.0,,,,
93,19/09/18 18:40:00,27.272,0.0,,,,
94,19/09/18 18:45:00,27.272,0.0,,,,
95,19/09/18 18:50:00,27.272,0.0,,,,
96,19/09/18 18:55:00,27.272,0.0,,,,
97,19/09/18 19:00:00,27.272,0.0,,,,
98,19/09/18 19:05:00,27.272,0.0,,,,
99,19/09/18 19:10:00,27.272,0.0,,,,
100,19/09/18 19:15:00,27.272,0.0,,,,
101,19/09/18 19:20:00,27.272,0.0,,,,
102,19/09/18 19:25:00,27.272,0.0,,,,
103,19/09/18 19:30:00,27.272,0.0,,,,
104,19/09/18 19:35:00,27.272,0.0,,,,
105,19/09/18 19:40:00,27.173,0.0,,,,
106,19/09/18 19:45:00,27.173,0.0,,,,
107,19/09/18 19:50:00,27.173,0.0,,,,
108,19/09/18 19:55:00,27.272,0.0,,,,
109,19/09/18 20:00:00,27.272,0.0,,,,
110,19/09/18 20:05:00,27.272,0.0,,,,
111,19/09/18 20:10:00,27.272,0.0,,,,
112,19/09/18 20:15:00,27.173,0.0,,,,
113,19/09/18 20:20:00,27.173,0.0,,,,
114,19/09/18 20:25:00,27.272,0.0,,,,
115,19/09/18 20:30:00,27.272,0.0,,,,
116,19/09/18 20:35:00,27.272,0.0,,,,
117,19/09/18 20:40:00,27.272,0.0,,,,
118,19/09/18 20:45:00,27.272,0.0,,,,
119,19/09/18 20:50:00,27.272,0.0,,,,
120,19/09/18 20:55:00,27.272,0.0,,,,
121,19/09/18 21:00:00,27.272,0.0,,,,
122,19/09/18 21:05:00,27.272,0.0,,,,
123,19/09/18 21:10:00,27.272,0.0,,,,
124,19/09/18 21:15:00,27.272,0.0,,,,
125,19/09/18 21:20:00,27.272,0.0,,,,
126,19/09/18 21:25:00,27.272,0.0,,,,
127,19/09/18 21:30:00,27.272,0.0,,,,
128,19/09/18 21:35:00,27.272,0.0,,,,
129,19/09/18 21:40:00,27.272,0.0,,,,
130,19/09/18 21:45:00,27.272,0.0,,,,
131,19/09/18 21:50:00,27.272,0.0,,,,
132,19/09/18 21:55:00,27.272,0.0,,,,
133,19/09/18 22:00:00,27.272,0.0,,,,
134,19/09/18 22:05:00,27.272,0.0,,,,
135,19/09/18 22:10:00,27.272,0.0,,,,
136,19/09/18 22:15:00,27.272,0.0,,,,
137,19/09/18 22:20:00,27.272,0.0,,,,
138,19/09/18 22:25:00,27.272,0.0,,,,
139,19/09/18 22:30:00,27.272,0.0,,,,
140,19/09/18 22:35:00,27.272,0.0,,,,
141,19/09/18 22:40:00,27.272,0.0,,,,
142,19/09/18 22:45:00,27.272,0.0,,,,
143,19/09/18 22:50:00,27.272,0.0,,,,
144,19/09/18 22:55:00,27.272,0.0,,,,
145,19/09/18 23:00:00,27.272,0.0,,,,
146,19/09/18 23:05:00,27.272,0.0,,,,
147,19/09/18 23:10:00,27.272,0.0,,,,
148,19/09/18 23:15:00,27.272,0.0,,,,
149,19/09/18 23:20:00,27.272,0.0,,,,
150,19/09/18 23:25:00,27.272,0.0,,,,
151,19/09/18 23:30:00,27.272,0.0,,,,
152,19/09/18 23:35:00,27.272,0.0,,,,
153,19/09/18 23:40:00,27.272,0.0,,,,
154,19/09/18 23:45:00,27.272,0.0,,,,
155,19/09/18 23:50:00,27.272,0.0,,,,
156,19/09/18 23:55:00,27.272,0.0,,,,
157,20/09/18 00:00:00,27.272,0.0,,,,
158,20/09/18 00:05:00,27.272,0.0,,,,
159,20/09/18 00:10:00,27.272,0.0,,,,
160,20/09/18 00:15:00,27.272,0.0,,,,
161,20/09/18 00:20:00,27.272,0.0,,,,
162,20/09/18 00:25:00,27.272,0.0,,,,
163,20/09/18 00:30:00,27.272,0.0,,,,
164,20/09/18 00:35:00,27.272,0.0,,,,
165,20/09/18 00:40:00,27.272,0.0,,,,
166,20/09/18 00:45:00,27.272,0.0,,,,
167,20/09/18 00:50:00,27.272,0.0,,,,
168,20/09/18 00:55:00,27.272,0.0,,,,
169,20/09/18 01:00:00,27.272,0.0,,,,
170,20/09/18 01:05:00,27.272,0.0,,,,
171,20/09/18 01:10:00,27.272,0.0,,,,
172,20/09/18 01:15:00,27.272,0.0,,,,
173,20/09/18 01:20:00,27.272,0.0,,,,
174,20/09/18 01:25:00,27.272,0.0,,,,
175,20/09/18 01:30:00,27.272,0.0,,,,
176,20/09/18 01:35:00,27.272,0.0,,,,
177,20/09/18 01:40:00,27.272,0.0,,,,
178,20/09/18 01:45:00,27.272,0.0,,,,
179,20/09/18 01:50:00,27.272,0.0,,,,
180,20/09/18 01:55:00,27.272,0.0,,,,
181,20/09/18 02:00:00,27.272,0.0,,,,
182,20/09/18 02:05:00,27.272,0.0,,,,
183,20/09/18 02:10:00,27.272,0.0,,,,
184,20/09/18 02:15:00,27.272,0.0,,,,
185,20/09/18 02:20:00,27.272,0.0,,,,
186,20/09/18 02:25:00,27.272,0.0,,,,
187,20/09/18 02:30:00,27.272,0.0,,,,
188,20/09/18 02:35:00,27.272,0.0,,,,
189,20/09/18 02:40:00,27.173,0.0,,,,
190,20/09/18 02:45:00,27.173,0.0,,,,
191,20/09/18 02:50:00,27.272,0.0,,,,
192,20/09/18 02:55:00,27.272,0.0,,,,
193,20/09/18 03:00:00,27.272,0.0,,,,
194,20/09/18 03:05:00,27.272,0.0,,,,
195,20/09/18 03:10:00,27.272,0.0,,,,
196,20/09/18 03:15:00,27.272,0.0,,,,
197,20/09/18 03:20:00,27.272,0.0,,,,
198,20/09/18 03:25:00,27.272,0.0,,,,
199,20/09/18 03:30:00,27.272,0.0,,,,
200,20/09/18 03:35:00,27.272,0.0,,,,
201,20/09/18 03:40:00,27.272,0.0,,,,
202,20/09/18 03:45:00,27.272,0.0,,,,
203,20/09/18 03:50:00,27.272,0.0,,,,
204,20/09/18 03:55:00,27.272,0.0,,,,
205,20/09/18 04:00:00,27.272,0.0,,,,
206,20/09/18 04:05:00,27.272,0.0,,,,
207,20/09/18 04:10:00,27.272,0.0,,,,
208,20/09/18 04:15:00,27.272,0.0,,,,
209,20/09/18 04:20:00,27.272,0.0,,,,
210,20/09/18 04:25:00,27.272,0.0,,,,
211,20/09/18 04:30:00,27.272,0.0,,,,
212,20/09/18 04:35:00,27.272,0.0,,,,
213,20/09/18 04:40:00,27.272,0.0,,,,
214,20/09/18 04:45:00,27.272,0.0,,,,
215,20/09/18 04:50:00,27.272,0.0,,,,
216,20/09/18 04:55:00,27.272,0.0,,,,
217,20/09/18 05:00:00,27.272,0.0,,,,
218,20/09/18 05:05:00,27.272,0.0,,,,
219,20/09/18 05:10:00,27.173,0.0,,,,
220,20/09/18 05:15:00,27.173,0.0,,,,
221,20/09/18 05:20:00,27.272,0.0,,,,
222,20/09/18 05:25:00,27.272,0.0,,,,
223,20/09/18 05:30:00,27.272,0.0,,,,
224,20/09/18 05:35:00,27.272,0.0,,,,
225,20/09/18 05:40:00,27.272,0.0,,,,
226,20/09/18 05:45:00,27.272,0.0,,,,
227,20/09/18 05:50:00,27.272,10.8,,,,
228,20/09/18 05:55:00,27.272,53.8,,,,
229,20/09/18 06:00:00,27.272,139.9,,,,
230,20/09/18 06:05:00,27.272,258.3,,,,
231,20/09/18 06:10:00,27.272,409.0,,,,
232,20/09/18 06:15:00,27.272,559.7,,,,
233,20/09/18 06:20:00,27.272,699.7,,,,
234,20/09/18 06:25:00,27.272,861.1,,,,
235,20/09/18 06:30:00,27.272,1259.4,,,,
236,20/09/18 06:35:00,27.272,1550.0,,,,
237,20/09/18 06:40:00,27.272,1808.3,,,,
238,20/09/18 06:45:00,27.272,2152.8,,,,
239,20/09/18 06:50:00,27.272,2583.4,,,,
240,20/09/18 06:55:00,27.272,3272.2,,,,
241,20/09/18 07:00:00,27.272,3616.7,,,,
242,20/09/18 07:05:00,27.370,3272.2,,,,
243,20/09/18 07:10:00,27.272,3444.5,,,,
244,20/09/18 07:15:00,27.370,3616.7,,,,
245,20/09/18 07:20:00,27.370,3788.9,,,,
246,20/09/18 07:25:00,27.370,3788.9,,,,
247,20/09/18 07:30:00,27.370,4133.4,,,,
248,20/09/18 07:35:00,27.370,4305.6,,,,
249,20/09/18 07:40:00,27.370,5166.7,,,,
250,20/09/18 07:45:00,27.370,4477.8,,,,
251,20/09/18 07:50:00,27.370,4650.0,,,,
252,20/09/18 07:55:00,27.370,3961.1,,,,
253,20/09/18 08:00:00,27.468,6200.0,,,,
254,20/09/18 08:05:00,27.468,5511.1,,,,
255,20/09/18 08:10:00,27.567,8611.2,,,,
256,20/09/18 08:15:00,27.567,10677.8,,,,
257,20/09/18 08:20:00,27.567,11711.2,,,,
258,20/09/18 08:25:00,27.567,8611.2,,,,
259,20/09/18 08:30:00,27.567,9300.1,,,,
260,20/09/18 08:35:00,27.567,11022.3,,,,
261,20/09/18 08:40:00,27.665,12400.1,,,,
262,20/09/18 08:45:00,27.665,14466.8,,,,
263,20/09/18 08:50:00,27.665,19977.9,,,,
264,20/09/18 08:55:00,27.665,12400.1,,,,
265,20/09/18 09:00:00,27.764,16533.4,,,,
266,20/09/18 09:05:00,27.764,17911.2,,,,
267,20/09/18 09:10:00,27.665,17222.3,,,,
268,20/09/18 09:15:00,27.665,12400.1,,,,
269,20/09/18 09:20:00,27.665,13089.0,,,,
270,20/09/18 09:25:00,27.665,15155.7,,,,
271,20/09/18 09:30:00,27.665,14466.8,,,,
272,20/09/18 09:35:00,27.764,27555.7,,,,
273,20/09/18 09:40:00,27.764,18600.1,,,,
274,20/09/18 09:45:00,27.764,33066.9,,,,
275,20/09/18 09:50:00,27.665,12400.1,,,,
276,20/09/18 09:55:00,27.665,13777.9,,,,
277,20/09/18 10:00:00,27.764,28933.5,,,,
278,20/09/18 10:05:00,27.862,22044.6,,,,
279,20/09/18 10:10:00,27.764,17222.3,,,,
280,20/09/18 10:15:00,27.764,22044.6,,,,
281,20/09/18 10:20:00,27.764,14466.8,,,,
282,20/09/18 10:25:00,27.862,18600.1,,,,
283,20/09/18 10:30:00,27.764,18600.1,,,,
284,20/09/18 10:35:00,27.764,13089.0,,,,
285,20/09/18 10:40:00,27.665,11022.3,,,,
286,20/09/18 10:45:00,27.665,17911.2,,,,
287,20/09/18 10:50:00,27.764,16533.4,,,,
288,20/09/18 10:55:00,27.862,20666.8,,,,
289,20/09/18 11:00:00,27.862,19289.0,,,,
290,20/09/18 11:05:00,27.764,16533.4,,,,
291,20/09/18 11:10:00,27.764,15155.7,,,,
292,20/09/18 11:15:00,27.764,19289.0,,,,
293,20/09/18 11:20:00,27.961,33066.9,,,,
294,20/09/18 11:25:00,27.961,38578.0,,,,
295,20/09/18 11:30:00,27.961,22044.6,,,,
296,20/09/18 11:35:00,27.961,44089.2,,,,
297,20/09/18 11:40:00,27.961,26178.0,,,,
298,20/09/18 11:45:00,27.961,15844.5,,,,
299,20/09/18 11:50:00,28.060,24800.2,,,,
300,20/09/18 11:55:00,28.060,49600.3,,,,
301,20/09/18 12:00:00,27.862,22044.6,,,,
302,20/09/18 12:05:00,27.961,26178.0,,,,
303,20/09/18 12:10:00,27.862,24800.2,,,,
304,20/09/18 12:15:00,27.862,23422.4,,,,
305,20/09/18 12:20:00,27.764,23422.4,,,,
306,20/09/18 12:25:00,27.764,17911.2,,,,
307,20/09/18 12:30:00,27.862,20666.8,,,,
308,20/09/18 12:35:00,27.764,28933.5,,,,
309,20/09/18 12:40:00,27.764,16533.4,,,,
310,20/09/18 12:45:00,27.862,15844.5,,,,
311,20/09/18 12:50:00,27.961,41333.6,,,,
312,20/09/18 12:55:00,27.961,20666.8,,,,
313,20/09/18 13:00:00,27.961,24800.2,,,,
314,20/09/18 13:05:00,27.862,26178.0,,,,
315,20/09/18 13:10:00,27.862,23422.4,,,,
316,20/09/18 13:15:00,27.961,27555.7,,,,
317,20/09/18 13:20:00,27.862,21355.7,,,,
318,20/09/18 13:25:00,27.665,14466.8,,,,
319,20/09/18 13:30:00,27.862,23422.4,,,,
320,20/09/18 13:35:00,27.862,9644.5,,,,
321,20/09/18 13:40:00,27.862,23422.4,,,,
322,20/09/18 13:45:00,27.862,15155.7,,,,
323,20/09/18 13:50:00,27.862,16533.4,,,,
324,20/09/18 13:55:00,27.862,24800.2,,,,
325,20/09/18 14:00:00,27.862,19289.0,,,,
326,20/09/18 14:05:00,27.862,16533.4,,,,
327,20/09/18 14:10:00,27.862,20666.8,,,,
328,20/09/18 14:15:00,27.862,12400.1,,,,
329,20/09/18 14:20:00,27.862,16533.4,,,,
330,20/09/18 14:25:00,27.862,12400.1,,,,
331,20/09/18 14:30:00,27.665,8611.2,,,,
332,20/09/18 14:35:00,27.567,5511.1,,,,
333,20/09/18 14:40:00,27.567,6200.0,,,,
334,20/09/18 14:45:00,27.567,4822.3,,,,
335,20/09/18 14:50:00,27.665,6200.0,,,,
336,20/09/18 14:55:00,27.764,9644.5,,,,
337,20/09/18 15:00:00,27.764,11022.3,,,,
338,20/09/18 15:05:00,27.764,11022.3,,,,
339,20/09/18 15:10:00,27.764,10677.8,,,,
340,20/09/18 15:15:00,27.764,5511.1,,,,
341,20/09/18 15:20:00,27.665,5166.7,,,,
342,20/09/18 15:25:00,27.665,5511.1,,,,
343,20/09/18 15:30:00,27.764,5166.7,,,,
344,20/09/18 15:35:00,27.764,9644.5,,,,
345,20/09/18 15:40:00,27.665,8266.7,,,,
346,20/09/18 15:45:00,27.567,2755.6,,,,
347,20/09/18 15:50:00,27.567,3961.1,,,,
348,20/09/18 15:55:00,27.567,5166.7,,,,
349,20/09/18 16:00:00,27.665,5166.7,,,,
350,20/09/18 16:05:00,27.567,5511.1,,,,
351,20/09/18 16:10:00,27.567,4822.3,,,,
352,20/09/18 16:15:00,27.567,3272.2,,,,
353,20/09/18 16:20:00,27.567,3100.0,,,,
354,20/09/18 16:25:00,27.567,3444.5,,,,
355,20/09/18 16:30:00,27.567,3961.1,,,,
356,20/09/18 16:35:00,27.665,5338.9,,,,
357,20/09/18 16:40:00,27.567,4650.0,,,,
358,20/09/18 16:45:00,27.567,4477.8,,,,
359,20/09/18 16:50:00,27.567,3100.0,,,,
360,20/09/18 16:55:00,27.567,2238.9,,,,
361,20/09/18 17:00:00,27.567,1894.5,,,,
362,20/09/18 17:05:00,27.567,1722.2,,,,
363,20/09/18 17:10:00,27.567,1463.9,,,,
364,20/09/18 17:15:00,27.468,1377.8,,,,
365,20/09/18 17:20:00,27.468,1259.4,,,,
366,20/09/18 17:25:00,27.468,1119.5,,,,
367,20/09/18 17:30:00,27.468,1001.0,,,,
368,20/09/18 17:35:00,27.468,742.7,,,,
369,20/09/18 17:40:00,27.468,613.5,,,,
370,20/09/18 17:45:00,27.468,505.9,,,,
371,20/09/18 17:50:00,27.468,376.7,,,,
372,20/09/18 17:55:00,27.468,258.3,,,,
373,20/09/18 18:00:00,27.468,118.4,,,,
374,20/09/18 18:05:00,27.468,64.6,,,,
375,20/09/18 18:10:00,27.370,10.8,,,,
376,20/09/18 18:15:00,27.370,0.0,,,,
377,20/09/18 18:20:00,27.370,0.0,,,,
378,20/09/18 18:25:00,27.370,0.0,,,,
379,20/09/18 18:30:00,27.370,0.0,,,,
380,20/09/18 18:35:00,27.370,0.0,,,,
381,20/09/18 18:40:00,27.370,0.0,,,,
382,20/09/18 18:45:00,27.370,0.0,,,,
383,20/09/18 18:50:00,27.370,0.0,,,,
384,20/09/18 18:55:00,27.370,0.0,,,,
385,20/09/18 19:00:00,27.370,0.0,,,,
386,20/09/18 19:05:00,27.370,0.0,,,,
387,20/09/18 19:10:00,27.370,0.0,,,,
388,20/09/18 19:15:00,27.370,0.0,,,,
389,20/09/18 19:20:00,27.370,0.0,,,,
390,20/09/18 19:25:00,27.370,0.0,,,,
391,20/09/18 19:30:00,27.370,0.0,,,,
392,20/09/18 19:35:00,27.370,0.0,,,,
393,20/09/18 19:40:00,27.370,0.0,,,,
394,20/09/18 19:45:00,27.370,0.0,,,,
395,20/09/18 19:50:00,27.370,0.0,,,,
396,20/09/18 19:55:00,27.272,0.0,,,,
397,20/09/18 20:00:00,27.370,0.0,,,,
398,20/09/18 20:05:00,27.272,0.0,,,,
399,20/09/18 20:10:00,27.272,0.0,,,,
400,20/09/18 20:15:00,27.272,0.0,,,,
401,20/09/18 20:20:00,27.272,0.0,,,,
402,20/09/18 20:25:00,27.272,0.0,,,,
403,20/09/18 20:30:00,27.272,0.0,,,,
404,20/09/18 20:35:00,27.272,0.0,,,,
405,20/09/18 20:40:00,27.272,0.0,,,,
406,20/09/18 20:45:00,27.272,0.0,,,,
407,20/09/18 20:50:00,27.272,0.0,,,,
408,20/09/18 20:55:00,27.272,0.0,,,,
409,20/09/18 21:00:00,27.272,0.0,,,,
410,20/09/18 21:05:00,27.272,0.0,,,,
411,20/09/18 21:10:00,27.272,0.0,,,,
412,20/09/18 21:15:00,27.272,0.0,,,,
413,20/09/18 21:20:00,27.272,0.0,,,,
414,20/09/18 21:25:00,27.272,0.0,,,,
415,20/09/18 21:30:00,27.272,0.0,,,,
416,20/09/18 21:35:00,27.272,0.0,,,,
417,20/09/18 21:40:00,27.272,0.0,,,,
418,20/09/18 21:45:00,27.272,0.0,,,,
419,20/09/18 21:50:00,27.272,0.0,,,,
420,20/09/18 21:55:00,27.272,0.0,,,,
421,20/09/18 22:00:00,27.272,0.0,,,,
422,20/09/18 22:05:00,27.272,0.0,,,,
423,20/09/18 22:10:00,27.272,0.0,,,,
424,20/09/18 22:15:00,27.272,0.0,,,,
425,20/09/18 22:20:00,27.272,0.0,,,,
426,20/09/18 22:25:00,27.173,0.0,,,,
427,20/09/18 22:30:00,27.272,0.0,,,,
428,20/09/18 22:35:00,27.272,0.0,,,,
429,20/09/18 22:40:00,27.272,0.0,,,,
430,20/09/18 22:45:00,27.272,0.0,,,,
431,20/09/18 22:50:00,27.272,0.0,,,,
432,20/09/18 22:55:00,27.272,0.0,,,,
433,20/09/18 23:00:00,27.272,0.0,,,,
434,20/09/18 23:05:00,27.272,0.0,,,,
435,20/09/18 23:10:00,27.272,0.0,,,,
436,20/09/18 23:15:00,27.272,0.0,,,,
437,20/09/18 23:20:00,27.272,0.0,,,,
438,20/09/18 23:25:00,27.272,0.0,,,,
439,20/09/18 23:30:00,27.370,0.0,,,,
440,20/09/18 23:35:00,27.370,0.0,,,,
441,20/09/18 23:40:00,27.370,0.0,,,,
442,20/09/18 23:45:00,27.370,0.0,,,,
443,20/09/18 23:50:00,27.370,0.0,,,,
444,20/09/18 23:55:00,27.370,0.0,,,,
445,21/09/18 00:00:00,27.370,0.0,,,,
446,21/09/18 00:05:00,27.370,0.0,,,,
447,21/09/18 00:10:00,27.370,0.0,,,,
448,21/09/18 00:15:00,27.370,0.0,,,,
449,21/09/18 00:20:00,27.370,0.0,,,,
450,21/09/18 00:25:00,27.370,0.0,,,,
451,21/09/18 00:30:00,27.370,0.0,,,,
452,21/09/18 00:35:00,27.370,0.0,,,,
453,21/09/18 00:40:00,27.370,0.0,,,,
454,21/09/18 00:45:00,27.272,0.0,,,,
455,21/09/18 00:50:00,27.272,0.0,,,,
456,21/09/18 00:55:00,27.272,0.0,,,,
457,21/09/18 01:00:00,27.272,0.0,,,,
458,21/09/18 01:05:00,27.272,0.0,,,,
459,21/09/18 01:10:00,27.272,0.0,,,,
460,21/09/18 01:15:00,27.272,0.0,,,,
461,21/09/18 01:20:00,27.272,0.0,,,,
462,21/09/18 01:25:00,27.272,0.0,,,,
463,21/09/18 01:30:00,27.272,0.0,,,,
464,21/09/18 01:35:00,27.272,0.0,,,,
465,21/09/18 01:40:00,27.272,0.0,,,,
466,21/09/18 01:45:00,27.272,0.0,,,,
467,21/09/18 01:50:00,27.272,0.0,,,,
468,21/09/18 01:55:00,27.272,0.0,,,,
469,21/09/18 02:00:00,27.272,0.0,,,,
470,21/09/18 02:05:00,27.272,0.0,,,,
471,21/09/18 02:10:00,27.272,0.0,,,,
472,21/09/18 02:15:00,27.173,0.0,,,,
473,21/09/18 02:20:00,27.272,0.0,,,,
474,21/09/18 02:25:00,27.173,0.0,,,,
475,21/09/18 02:30:00,27.173,0.0,,,,
476,21/09/18 02:35:00,27.272,0.0,,,,
477,21/09/18 02:40:00,27.272,0.0,,,,
478,21/09/18 02:45:00,27.272,0.0,,,,
479,21/09/18 02:50:00,27.272,0.0,,,,
480,21/09/18 02:55:00,27.272,0.0,,,,
481,21/09/18 03:00:00,27.272,0.0,,,,
482,21/09/18 03:05:00,27.272,0.0,,,,
483,21/09/18 03:10:00,27.272,0.0,,,,
484,21/09/18 03:15:00,27.173,0.0,,,,
485,21/09/18 03:20:00,27.272,0.0,,,,
486,21/09/18 03:25:00,27.272,0.0,,,,
487,21/09/18 03:30:00,27.173,0.0,,,,
488,21/09/18 03:35:00,27.173,0.0,,,,
489,21/09/18 03:40:00,27.173,0.0,,,,
490,21/09/18 03:45:00,27.173,0.0,,,,
491,21/09/18 03:50:00,27.173,0.0,,,,
492,21/09/18 03:55:00,27.173,0.0,,,,
493,21/09/18 04:00:00,27.173,0.0,,,,
494,21/09/18 04:05:00,27.173,0.0,,,,
495,21/09/18 04:10:00,27.173,0.0,,,,
496,21/09/18 04:15:00,27.173,0.0,,,,
497,21/09/18 04:20:00,27.272,0.0,,,,
498,21/09/18 04:25:00,27.173,0.0,,,,
499,21/09/18 04:30:00,27.173,0.0,,,,
500,21/09/18 04:35:00,27.173,0.0,,,,
501,21/09/18 04:40:00,27.272,0.0,,,,
502,21/09/18 04:45:00,27.272,0.0,,,,
503,21/09/18 04:50:00,27.272,0.0,,,,
504,21/09/18 04:55:00,27.272,0.0,,,,
505,21/09/18 05:00:00,27.272,0.0,,,,
506,21/09/18 05:05:00,27.272,0.0,,,,
507,21/09/18 05:10:00,27.272,0.0,,,,
508,21/09/18 05:15:00,27.272,0.0,,,,
509,21/09/18 05:20:00,27.272,0.0,,,,
510,21/09/18 05:25:00,27.272,0.0,,,,
511,21/09/18 05:30:00,27.272,0.0,,,,
512,21/09/18 05:35:00,27.272,0.0,,,,
513,21/09/18 05:40:00,27.272,0.0,,,,
514,21/09/18 05:45:00,27.272,0.0,,,,
515,21/09/18 05:50:00,27.272,10.8,,,,
516,21/09/18 05:55:00,27.272,53.8,,,,
517,21/09/18 06:00:00,27.272,64.6,,,,
518,21/09/18 06:05:00,27.272,64.6,,,,
519,21/09/18 06:10:00,27.272,215.3,,,,
520,21/09/18 06:15:00,27.272,419.8,,,,
521,21/09/18 06:20:00,27.272,505.9,,,,
522,21/09/18 06:25:00,27.272,839.6,,,,
523,21/09/18 06:30:00,27.370,1463.9,,,,
524,21/09/18 06:35:00,27.370,1550.0,,,,
525,21/09/18 06:40:00,27.370,1894.5,,,,
526,21/09/18 06:45:00,27.370,1722.2,,,,
527,21/09/18 06:50:00,27.370,1808.3,,,,
528,21/09/18 06:55:00,27.370,1894.5,,,,
529,21/09/18 07:00:00,27.370,1980.6,,,,
530,21/09/18 07:05:00,27.370,2152.8,,,,
531,21/09/18 07:10:00,27.370,2669.5,,,,
532,21/09/18 07:15:00,27.370,3100.0,,,,
533,21/09/18 07:20:00,27.370,3272.2,,,,
534,21/09/18 07:25:00,27.370,3444.5,,,,
535,21/09/18 07:30:00,27.370,3616.7,,,,
536,21/09/18 07:35:00,27.468,4650.0,,,,
537,21/09/18 07:40:00,27.468,5166.7,,,,
538,21/09/18 07:45:00,27.468,5166.7,,,,
539,21/09/18 07:50:00,27.468,5511.1,,,,
540,21/09/18 07:55:00,27.468,5166.7,,,,
541,21/09/18 08:00:00,27.468,5166.7,,,,
542,21/09/18 08:05:00,27.468,6200.0,,,,
543,21/09/18 08:10:00,27.468,8266.7,,,,
544,21/09/18 08:15:00,27.567,11711.2,,,,
545,21/09/18 08:20:00,27.567,11711.2,,,,
546,21/09/18 08:25:00,27.665,13777.9,,,,
547,21/09/18 08:30:00,27.665,9300.1,,,,
548,21/09/18 08:35:00,27.567,12400.1,,,,
549,21/09/18 08:40:00,27.665,15844.5,,,,
550,21/09/18 08:45:00,27.764,19289.0,,,,
551,21/09/18 08:50:00,27.665,16533.4,,,,
552,21/09/18 08:55:00,27.567,9300.1,,,,
553,21/09/18 09:00:00,27.567,8266.7,,,,
554,21/09/18 09:05:00,27.567,12400.1,,,,
555,21/09/18 09:10:00,27.665,15155.7,,,,
556,21/09/18 09:15:00,27.665,12400.1,,,,
557,21/09/18 09:20:00,27.665,15155.7,,,,
558,21/09/18 09:25:00,27.567,9644.5,,,,
559,21/09/18 09:30:00,27.665,11711.2,,,,
560,21/09/18 09:35:00,27.665,11022.3,,,,
561,21/09/18 09:40:00,27.665,15155.7,,,,
562,21/09/18 09:45:00,27.665,12400.1,,,,
563,21/09/18 09:50:00,27.665,10333.4,,,,
564,21/09/18 09:55:00,27.567,11711.2,,,,
565,21/09/18 10:00:00,27.665,11711.2,,,,
566,21/09/18 10:05:00,27.567,9300.1,,,,
567,21/09/18 10:10:00,27.567,8266.7,,,,
568,21/09/18 10:15:00,27.567,5511.1,,,,
569,21/09/18 10:20:00,27.468,6544.5,,,,
570,21/09/18 10:25:00,27.567,9644.5,,,,
571,21/09/18 10:30:00,27.567,9644.5,,,,
572,21/09/18 10:35:00,27.665,12400.1,,,,
573,21/09/18 10:40:00,27.665,15844.5,,,,
574,21/09/18 10:45:00,27.764,18600.1,,,,
575,21/09/18 10:50:00,27.764,17222.3,,,,
576,21/09/18 10:55:00,27.665,15155.7,,,,
577,21/09/18 11:00:00,27.665,11711.2,,,,
578,21/09/18 11:05:00,27.665,14466.8,,,,
579,21/09/18 11:10:00,27.764,17911.2,,,,
580,21/09/18 11:15:00,27.961,27555.7,,,,
581,21/09/18 11:20:00,27.862,18600.1,,,,
582,21/09/18 11:25:00,27.862,30311.3,,,,
583,21/09/18 11:30:00,27.764,13089.0,,,,
584,21/09/18 11:35:00,27.764,22044.6,,,,
585,21/09/18 11:40:00,27.665,8611.2,,,,
586,21/09/18 11:45:00,27.764,20666.8,,,,
587,21/09/18 11:50:00,27.764,12400.1,,,,
588,21/09/18 11:55:00,27.862,24800.2,,,,
589,21/09/18 12:00:00,27.961,18600.1,,,,
590,21/09/18 12:05:00,27.862,20666.8,,,,
591,21/09/18 12:10:00,27.961,27555.7,,,,
592,21/09/18 12:15:00,27.862,26178.0,,,,
593,21/09/18 12:20:00,27.961,17911.2,,,,
594,21/09/18 12:25:00,27.764,20666.8,,,,
595,21/09/18 12:30:00,27.764,13777.9,,,,
596,21/09/18 12:35:00,27.764,15844.5,,,,
597,21/09/18 12:40:00,27.764,14466.8,,,,
598,21/09/18 12:45:00,27.764,14466.8,,,,
599,21/09/18 12:50:00,27.764,14466.8,,,,
600,21/09/18 12:55:00,27.665,11711.2,,,,
601,21/09/18 13:00:00,27.665,10677.8,,,,
602,21/09/18 13:05:00,27.665,10677.8,,,,
603,21/09/18 13:10:00,27.665,11711.2,,,,
604,21/09/18 13:15:00,27.665,10333.4,,,,
605,21/09/18 13:20:00,27.665,10333.4,,,,
606,21/09/18 13:25:00,27.665,10333.4,,,,
607,21/09/18 13:30:00,27.567,7577.8,,,,
608,21/09/18 13:35:00,27.567,6200.0,,,,
609,21/09/18 13:40:00,27.567,6544.5,,,,
610,21/09/18 13:45:00,27.567,6544.5,,,,
611,21/09/18 13:50:00,27.567,7233.4,,,,
612,21/09/18 13:55:00,27.567,6544.5,,,,
613,21/09/18 14:00:00,27.567,5511.1,,,,
614,21/09/18 14:05:00,27.567,5511.1,,,,
615,21/09/18 14:10:00,27.567,5511.1,,,,
616,21/09/18 14:15:00,27.567,5166.7,,,,
617,21/09/18 14:20:00,27.567,5166.7,,,,
618,21/09/18 14:25:00,27.468,5338.9,,,,
619,21/09/18 14:30:00,27.468,5166.7,,,,
620,21/09/18 14:35:00,27.468,4133.4,,,,
621,21/09/18 14:40:00,27.468,3272.2,,,,
622,21/09/18 14:45:00,27.468,4133.4,,,,
623,21/09/18 14:50:00,27.468,4650.0,,,,
624,21/09/18 14:55:00,27.468,5166.7,,,,
625,21/09/18 15:00:00,27.567,5511.1,,,,
626,21/09/18 15:05:00,27.468,4822.3,,,,
627,21/09/18 15:10:00,27.468,4994.5,,,,
628,21/09/18 15:15:00,27.468,4822.3,,,,
629,21/09/18 15:20:00,27.468,4650.0,,,,
630,21/09/18 15:25:00,27.468,4650.0,,,,
631,21/09/18 15:30:00,27.468,3961.1,,,,
632,21/09/18 15:35:00,27.468,4650.0,,,,
633,21/09/18 15:40:00,27.468,4650.0,,,,
634,21/09/18 15:45:00,27.468,3100.0,,,,
635,21/09/18 15:50:00,27.468,2066.7,,,,
636,21/09/18 15:55:00,27.370,2152.8,,,,
637,21/09/18 16:00:00,27.468,2152.8,,,,
638,21/09/18 16:05:00,27.370,1550.0,,,,
639,21/09/18 16:10:00,27.370,1550.0,,,,
640,21/09/18 16:15:00,27.370,1894.5,,,,
641,21/09/18 16:20:00,27.370,1636.1,,,,
642,21/09/18 16:25:00,27.370,1237.9,,,,
643,21/09/18 16:30:00,27.370,1054.9,,,,
644,21/09/18 16:35:00,27.370,904.2,,,,
645,21/09/18 16:40:00,27.370,871.9,,,,
646,21/09/18 16:45:00,27.370,775.0,,,,
647,21/09/18 16:50:00,27.370,861.1,,,,
648,21/09/18 16:55:00,27.370,893.4,,,,
649,21/09/18 17:00:00,27.370,1173.3,,,,
650,21/09/18 17:05:00,27.370,1291.7,,,,
651,21/09/18 17:10:00,27.370,990.3,,,,
652,21/09/18 17:15:00,27.370,710.4,,,,
653,21/09/18 17:20:00,27.370,710.4,,,,
654,21/09/18 17:25:00,27.370,624.3,,,,
655,21/09/18 17:30:00,27.370,430.6,,,,
656,21/09/18 17:35:00,27.370,366.0,,,,
657,21/09/18 17:40:00,27.370,258.3,,,,
658,21/09/18 17:45:00,27.370,161.5,,,,
659,21/09/18 17:50:00,27.370,107.6,,,,
660,21/09/18 17:55:00,27.370,64.6,,,,
661,21/09/18 18:00:00,27.370,21.5,,,,
662,21/09/18 18:05:00,27.370,10.8,,,,
663,21/09/18 18:10:00,27.370,0.0,,,,
664,21/09/18 18:15:00,27.370,0.0,,,,
665,21/09/18 18:20:00,27.370,0.0,,,,
666,21/09/18 18:25:00,27.370,0.0,,,,
667,21/09/18 18:30:00,27.370,0.0,,,,
668,21/09/18 18:35:00,27.272,0.0,,,,
669,21/09/18 18:40:00,27.272,0.0,,,,
670,21/09/18 18:45:00,27.272,0.0,,,,
671,21/09/18 18:50:00,27.272,0.0,,,,
672,21/09/18 18:55:00,27.272,0.0,,,,
673,21/09/18 19:00:00,27.272,0.0,,,,
674,21/09/18 19:05:00,27.272,0.0,,,,
675,21/09/18 19:10:00,27.272,0.0,,,,
676,21/09/18 19:15:00,27.272,0.0,,,,
677,21/09/18 19:20:00,27.272,0.0,,,,
678,21/09/18 19:25:00,27.272,0.0,,,,
679,21/09/18 19:30:00,27.272,0.0,,,,
680,21/09/18 19:35:00,27.272,0.0,,,,
681,21/09/18 19:40:00,27.272,0.0,,,,
682,21/09/18 19:45:00,27.272,0.0,,,,
683,21/09/18 19:50:00,27.272,0.0,,,,
684,21/09/18 19:55:00,27.272,0.0,,,,
685,21/09/18 20:00:00,27.272,0.0,,,,
686,21/09/18 20:05:00,27.272,0.0,,,,
687,21/09/18 20:10:00,27.272,0.0,,,,
688,21/09/18 20:15:00,27.173,0.0,,,,
689,21/09/18 20:20:00,27.173,0.0,,,,
690,21/09/18 20:25:00,27.173,0.0,,,,
691,21/09/18 20:30:00,27.173,0.0,,,,
692,21/09/18 20:35:00,27.173,0.0,,,,
693,21/09/18 20:40:00,27.173,0.0,,,,
694,21/09/18 20:45:00,27.173,0.0,,,,
695,21/09/18 20:50:00,27.173,0.0,,,,
696,21/09/18 20:55:00,27.173,0.0,,,,
697,21/09/18 21:00:00,27.173,0.0,,,,
698,21/09/18 21:05:00,27.173,0.0,,,,
699,21/09/18 21:10:00,27.173,0.0,,,,
700,21/09/18 21:15:00,27.173,0.0,,,,
701,21/09/18 21:20:00,27.075,0.0,,,,
702,21/09/18 21:25:00,27.075,0.0,,,,
703,21/09/18 21:30:00,27.075,0.0,,,,
704,21/09/18 21:35:00,27.075,0.0,,,,
705,21/09/18 21:40:00,27.075,0.0,,,,
706,21/09/18 21:45:00,27.075,0.0,,,,
707,21/09/18 21:50:00,27.075,0.0,,,,
708,21/09/18 21:55:00,27.173,0.0,,,,
709,21/09/18 22:00:00,27.075,0.0,,,,
710,21/09/18 22:05:00,27.173,0.0,,,,
711,21/09/18 22:10:00,27.173,0.0,,,,
712,21/09/18 22:15:00,27.173,0.0,,,,
713,21/09/18 22:20:00,27.173,0.0,,,,
714,21/09/18 22:25:00,27.173,0.0,,,,
715,21/09/18 22:30:00,27.173,0.0,,,,
716,21/09/18 22:35:00,27.173,0.0,,,,
717,21/09/18 22:40:00,27.173,0.0,,,,
718,21/09/18 22:45:00,27.173,0.0,,,,
719,21/09/18 22:50:00,27.173,0.0,,,,
720,21/09/18 22:55:00,27.272,0.0,,,,
721,21/09/18 23:00:00,27.272,0.0,,,,
722,21/09/18 23:05:00,27.272,0.0,,,,
723,21/09/18 23:10:00,27.272,0.0,,,,
724,21/09/18 23:15:00,27.272,0.0,,,,
725,21/09/18 23:20:00,27.272,0.0,,,,
726,21/09/18 23:25:00,27.272,0.0,,,,
727,21/09/18 23:30:00,27.272,0.0,,,,
728,21/09/18 23:35:00,27.173,0.0,,,,
729,21/09/18 23:40:00,27.272,0.0,,,,
730,21/09/18 23:45:00,27.272,0.0,,,,
731,21/09/18 23:50:00,27.272,0.0,,,,
732,21/09/18 23:55:00,27.272,0.0,,,,
733,22/09/18 00:00:00,27.272,0.0,,,,
734,22/09/18 00:05:00,27.272,0.0,,,,
735,22/09/18 00:10:00,27.272,0.0,,,,
736,22/09/18 00:15:00,27.272,0.0,,,,
737,22/09/18 00:20:00,27.272,0.0,,,,
738,22/09/18 00:25:00,27.272,0.0,,,,
739,22/09/18 00:30:00,27.272,0.0,,,,
740,22/09/18 00:35:00,27.272,0.0,,,,
741,22/09/18 00:40:00,27.272,0.0,,,,
742,22/09/18 00:45:00,27.272,0.0,,,,
743,22/09/18 00:50:00,27.272,0.0,,,,
744,22/09/18 00:55:00,27.272,0.0,,,,
745,22/09/18 01:00:00,27.272,0.0,,,,
746,22/09/18 01:05:00,27.272,0.0,,,,
747,22/09/18 01:10:00,27.272,0.0,,,,
748,22/09/18 01:15:00,27.272,0.0,,,,
749,22/09/18 01:20:00,27.272,0.0,,,,
750,22/09/18 01:25:00,27.272,0.0,,,,
751,22/09/18 01:30:00,27.272,0.0,,,,
752,22/09/18 01:35:00,27.272,0.0,,,,
753,22/09/18 01:40:00,27.272,0.0,,,,
754,22/09/18 01:45:00,27.272,0.0,,,,
755,22/09/18 01:50:00,27.272,0.0,,,,
756,22/09/18 01:55:00,27.272,0.0,,,,
757,22/09/18 02:00:00,27.272,0.0,,,,
758,22/09/18 02:05:00,27.272,0.0,,,,
759,22/09/18 02:10:00,27.272,0.0,,,,
760,22/09/18 02:15:00,27.272,0.0,,,,
761,22/09/18 02:20:00,27.272,0.0,,,,
762,22/09/18 02:25:00,27.272,0.0,,,,
763,22/09/18 02:30:00,27.272,0.0,,,,
764,22/09/18 02:35:00,27.272,0.0,,,,
765,22/09/18 02:40:00,27.272,0.0,,,,
766,22/09/18 02:45:00,27.272,0.0,,,,
767,22/09/18 02:50:00,27.272,0.0,,,,
768,22/09/18 02:55:00,27.272,0.0,,,,
769,22/09/18 03:00:00,27.272,0.0,,,,
770,22/09/18 03:05:00,27.272,0.0,,,,
771,22/09/18 03:10:00,27.173,0.0,,,,
772,22/09/18 03:15:00,27.173,0.0,,,,
773,22/09/18 03:20:00,27.173,0.0,,,,
774,22/09/18 03:25:00,27.173,0.0,,,,
775,22/09/18 03:30:00,27.173,0.0,,,,
776,22/09/18 03:35:00,27.173,0.0,,,,
777,22/09/18 03:40:00,27.173,0.0,,,,
778,22/09/18 03:45:00,27.173,0.0,,,,
779,22/09/18 03:50:00,27.173,0.0,,,,
780,22/09/18 03:55:00,27.173,0.0,,,,
781,22/09/18 04:00:00,27.173,0.0,,,,
782,22/09/18 04:05:00,27.173,0.0,,,,
783,22/09/18 04:10:00,27.173,0.0,,,,
784,22/09/18 04:15:00,27.173,0.0,,,,
785,22/09/18 04:20:00,27.272,0.0,,,,
786,22/09/18 04:25:00,27.272,0.0,,,,
787,22/09/18 04:30:00,27.272,0.0,,,,
788,22/09/18 04:35:00,27.272,0.0,,,,
789,22/09/18 04:40:00,27.272,0.0,,,,
790,22/09/18 04:45:00,27.272,0.0,,,,
791,22/09/18 04:50:00,27.272,0.0,,,,
792,22/09/18 04:55:00,27.272,0.0,,,,
793,22/09/18 05:00:00,27.272,0.0,,,,
794,22/09/18 05:05:00,27.272,0.0,,,,
795,22/09/18 05:10:00,27.173,0.0,,,,
796,22/09/18 05:15:00,27.173,0.0,,,,
797,22/09/18 05:20:00,27.173,0.0,,,,
798,22/09/18 05:25:00,27.173,0.0,,,,
799,22/09/18 05:30:00,27.173,0.0,,,,
800,22/09/18 05:35:00,27.173,0.0,,,,
801,22/09/18 05:40:00,27.272,0.0,,,,
802,22/09/18 05:45:00,27.173,0.0,,,,
803,22/09/18 05:50:00,27.173,10.8,,,,
804,22/09/18 05:55:00,27.173,32.3,,,,
805,22/09/18 06:00:00,27.173,96.9,,,,
806,22/09/18 06:05:00,27.173,139.9,,,,
807,22/09/18 06:10:00,27.272,129.2,,,,
808,22/09/18 06:15:00,27.272,139.9,,,,
809,22/09/18 06:20:00,27.173,161.5,,,,
810,22/09/18 06:25:00,27.272,279.9,,,,
811,22/09/18 06:30:00,27.272,785.8,,,,
812,22/09/18 06:35:00,27.272,1108.7,,,,
813,22/09/18 06:40:00,27.272,1377.8,,,,
814,22/09/18 06:45:00,27.272,1194.8,,,,
815,22/09/18 06:50:00,27.272,1377.8,,,,
816,22/09/18 06:55:00,27.272,2238.9,,,,
817,22/09/18 07:00:00,27.272,3272.2,,,,
818,22/09/18 07:05:00,27.272,3444.5,,,,
819,22/09/18 07:10:00,27.272,4133.4,,,,
820,22/09/18 07:15:00,27.370,5166.7,,,,
821,22/09/18 07:20:00,27.272,4822.3,,,,
822,22/09/18 07:25:00,27.272,4650.0,,,,
823,22/09/18 07:30:00,27.272,3100.0,,,,
824,22/09/18 07:35:00,27.272,2411.1,,,,
825,22/09/18 07:40:00,27.272,2411.1,,,,
826,22/09/18 07:45:00,27.272,2583.4,,,,
827,22/09/18 07:50:00,27.272,1550.0,,,,
828,22/09/18 07:55:00,27.272,1302.4,,,,
829,22/09/18 08:00:00,27.272,1151.7,,,,
830,22/09/18 08:05:00,27.272,1550.0,,,,
831,22/09/18 08:10:00,27.272,2066.7,,,,
832,22/09/18 08:15:00,27.272,1463.9,,,,
833,22/09/18 08:20:00,27.272,1636.1,,,,
834,22/09/18 08:25:00,27.272,2325.0,,,,
835,22/09/18 08:30:00,27.272,1722.2,,,,
836,22/09/18 08:35:00,27.272,1259.4,,,,
837,22/09/18 08:40:00,27.272,1302.4,,,,
838,22/09/18 08:45:00,27.272,1001.0,,,,
839,22/09/18 08:50:00,27.272,3100.0,,,,
840,22/09/18 08:55:00,27.272,4305.6,,,,
841,22/09/18 09:00:00,27.272,3616.7,,,,
842,22/09/18 09:05:00,27.370,4305.6,,,,
843,22/09/18 09:10:00,27.370,4650.0,,,,
844,22/09/18 09:15:00,27.370,4822.3,,,,
845,22/09/18 09:20:00,27.370,4650.0,,,,
846,22/09/18 09:25:00,27.370,4477.8,,,,
847,22/09/18 09:30:00,27.370,4477.8,,,,
848,22/09/18 09:35:00,27.370,4477.8,,,,
849,22/09/18 09:40:00,27.370,4305.6,,,,
850,22/09/18 09:45:00,27.370,4822.3,,,,
851,22/09/18 09:50:00,27.370,4305.6,,,,
852,22/09/18 09:55:00,27.370,4822.3,,,,
853,22/09/18 10:00:00,27.370,5166.7,,,,
854,22/09/18 10:05:00,27.370,6544.5,,,,
855,22/09/18 10:10:00,27.370,7233.4,,,,
856,22/09/18 10:15:00,27.370,6544.5,,,,
857,22/09/18 10:20:00,27.370,7577.8,,,,
858,22/09/18 10:25:00,27.468,8266.7,,,,
859,22/09/18 10:30:00,27.468,7577.8,,,,
860,22/09/18 10:35:00,27.468,8266.7,,,,
861,22/09/18 10:40:00,27.468,7577.8,,,,
862,22/09/18 10:45:00,27.370,6200.0,,,,
863,22/09/18 10:50:00,27.468,7233.4,,,,
864,22/09/18 10:55:00,27.468,11022.3,,,,
865,22/09/18 11:00:00,27.567,14466.8,,,,
866,22/09/18 11:05:00,27.567,19977.9,,,,
867,22/09/18 11:10:00,27.567,12400.1,,,,
868,22/09/18 11:15:00,27.567,11022.3,,,,
869,22/09/18 11:20:00,27.468,9644.5,,,,
870,22/09/18 11:25:00,27.567,12400.1,,,,
871,22/09/18 11:30:00,27.567,13089.0,,,,
872,22/09/18 11:35:00,27.567,14466.8,,,,
873,22/09/18 11:40:00,27.567,14466.8,,,,
874,22/09/18 11:45:00,27.665,17222.3,,,,
875,22/09/18 11:50:00,27.665,15844.5,,,,
876,22/09/18 11:55:00,27.665,18600.1,,,,
877,22/09/18 12:00:00,27.862,26178.0,,,,
878,22/09/18 12:05:00,27.862,22044.6,,,,
879,22/09/18 12:10:00,27.764,19289.0,,,,
880,22/09/18 12:15:00,27.764,21355.7,,,,
881,22/09/18 12:20:00,27.764,21355.7,,,,
882,22/09/18 12:25:00,27.665,13777.9,,,,
883,22/09/18 12:30:00,27.665,14466.8,,,,
884,22/09/18 12:35:00,27.567,13777.9,,,,
885,22/09/18 12:40:00,27.665,13777.9,,,,
886,22/09/18 12:45:00,27.665,14466.8,,,,
887,22/09/18 12:50:00,27.665,18600.1,,,,
888,22/09/18 12:55:00,27.665,14466.8,,,,
889,22/09/18 13:00:00,27.567,12400.1,,,,
890,22/09/18 13:05:00,27.764,15155.7,,,,
891,22/09/18 13:10:00,27.764,26178.0,,,,
892,22/09/18 13:15:00,27.862,17911.2,,,,
893,22/09/18 13:20:00,27.862,28933.5,,,,
894,22/09/18 13:25:00,27.862,16533.4,,,,
895,22/09/18 13:30:00,27.862,28933.5,,,,
896,22/09/18 13:35:00,27.862,20666.8,,,,
897,22/09/18 13:40:00,27.862,28933.5,,,,
898,22/09/18 13:45:00,27.862,22044.6,,,,
899,22/09/18 13:50:00,27.862,23422.4,,,,
900,22/09/18 13:55:00,27.862,17222.3,,,,
901,22/09/18 14:00:00,27.764,16533.4,,,,
902,22/09/18 14:05:00,27.764,13089.0,,,,
903,22/09/18 14:10:00,27.764,16533.4,,,,
904,22/09/18 14:15:00,27.764,14466.8,,,,
905,22/09/18 14:20:00,27.764,18600.1,,,,
906,22/09/18 14:25:00,27.764,14466.8,,,,
907,22/09/18 14:30:00,27.665,15155.7,,,,
908,22/09/18 14:35:00,27.665,8611.2,,,,
909,22/09/18 14:40:00,27.665,7577.8,,,,
910,22/09/18 14:45:00,27.665,8611.2,,,,
911,22/09/18 14:50:00,27.665,9644.5,,,,
912,22/09/18 14:55:00,27.665,11711.2,,,,
913,22/09/18 15:00:00,27.665,9300.1,,,,
914,22/09/18 15:05:00,27.567,5338.9,,,,
915,22/09/18 15:10:00,27.665,8611.2,,,,
916,22/09/18 15:15:00,27.567,5511.1,,,,
917,22/09/18 15:20:00,27.468,4650.0,,,,
918,22/09/18 15:25:00,27.468,4305.6,,,,
919,22/09/18 15:30:00,27.567,5511.1,,,,
920,22/09/18 15:35:00,27.567,4305.6,,,,
921,22/09/18 15:40:00,27.567,4822.3,,,,
922,22/09/18 15:45:00,27.567,6544.5,,,,
923,22/09/18 15:50:00,27.468,3961.1,,,,
924,22/09/18 15:55:00,27.468,4305.6,,,,
925,22/09/18 16:00:00,27.468,4650.0,,,,
926,22/09/18 16:05:00,27.468,4822.3,,,,
927,22/09/18 16:10:00,27.468,2583.4,,,,
928,22/09/18 16:15:00,27.468,2927.8,,,,
929,22/09/18 16:20:00,27.468,2325.0,,,,
930,22/09/18 16:25:00,27.468,3100.0,,,,
931,22/09/18 16:30:00,27.468,3444.5,,,,
932,22/09/18 16:35:00,27.468,2927.8,,,,
933,22/09/18 16:40:00,27.468,3272.2,,,,
934,22/09/18 16:45:00,27.468,3444.5,,,,
935,22/09/18 16:50:00,27.468,2325.0,,,,
936,22/09/18 16:55:00,27.468,2152.8,,,,
937,22/09/18 17:00:00,27.468,1980.6,,,,
938,22/09/18 17:05:00,27.468,2066.7,,,,
939,22/09/18 17:10:00,27.370,1808.3,,,,
940,22/09/18 17:15:00,27.370,1173.3,,,,
941,22/09/18 17:20:00,27.370,1033.3,,,,
942,22/09/18 17:25:00,27.370,1001.0,,,,
943,22/09/18 17:30:00,27.370,807.3,,,,
944,22/09/18 17:35:00,27.370,721.2,,,,
945,22/09/18 17:40:00,27.370,635.1,,,,
946,22/09/18 17:45:00,27.370,495.1,,,,
947,22/09/18 17:50:00,27.370,366.0,,,,
948,22/09/18 17:55:00,27.370,269.1,,,,
949,22/09/18 18:00:00,27.370,150.7,,,,
950,22/09/18 18:05:00,27.370,75.3,,,,
951,22/09/18 18:10:00,27.370,21.5,,,,
952,22/09/18 18:15:00,27.370,0.0,,,,
953,22/09/18 18:20:00,27.370,0.0,,,,
954,22/09/18 18:25:00,27.370,0.0,,,,
955,22/09/18 18:30:00,27.272,0.0,,,,
956,22/09/18 18:35:00,27.272,0.0,,,,
957,22/09/18 18:40:00,27.272,0.0,,,,
958,22/09/18 18:45:00,27.272,0.0,,,,
959,22/09/18 18:50:00,27.272,0.0,,,,
960,22/09/18 18:55:00,27.272,0.0,,,,
961,22/09/18 19:00:00,27.272,0.0,,,,
962,22/09/18 19:05:00,27.272,0.0,,,,
963,22/09/18 19:10:00,27.272,0.0,,,,
964,22/09/18 19:15:00,27.272,0.0,,,,
965,22/09/18 19:20:00,27.272,0.0,,,,
966,22/09/18 19:25:00,27.272,0.0,,,,
967,22/09/18 19:30:00,27.272,0.0,,,,
968,22/09/18 19:35:00,27.272,0.0,,,,
969,22/09/18 19:40:00,27.272,0.0,,,,
970,22/09/18 19:45:00,27.272,0.0,,,,
971,22/09/18 19:50:00,27.272,0.0,,,,
972,22/09/18 19:55:00,27.272,0.0,,,,
973,22/09/18 20:00:00,27.272,0.0,,,,
974,22/09/18 20:05:00,27.272,0.0,,,,
975,22/09/18 20:10:00,27.272,0.0,,,,
976,22/09/18 20:15:00,27.272,0.0,,,,
977,22/09/18 20:20:00,27.272,0.0,,,,
978,22/09/18 20:25:00,27.272,0.0,,,,
979,22/09/18 20:30:00,27.272,0.0,,,,
980,22/09/18 20:35:00,27.272,0.0,,,,
981,22/09/18 20:40:00,27.272,0.0,,,,
982,22/09/18 20:45:00,27.272,0.0,,,,
983,22/09/18 20:50:00,27.272,0.0,,,,
984,22/09/18 20:55:00,27.272,0.0,,,,
985,22/09/18 21:00:00,27.272,0.0,,,,
986,22/09/18 21:05:00,27.272,0.0,,,,
987,22/09/18 21:10:00,27.272,0.0,,,,
988,22/09/18 21:15:00,27.272,0.0,,,,
989,22/09/18 21:20:00,27.272,0.0,,,,
990,22/09/18 21:25:00,27.272,0.0,,,,
991,22/09/18 21:30:00,27.272,0.0,,,,
992,22/09/18 21:35:00,27.272,0.0,,,,
993,22/09/18 21:40:00,27.272,0.0,,,,
994,22/09/18 21:45:00,27.272,0.0,,,,
995,22/09/18 21:50:00,27.272,0.0,,,,
996,22/09/18 21:55:00,27.272,0.0,,,,
997,22/09/18 22:00:00,27.272,0.0,,,,
998,22/09/18 22:05:00,27.272,0.0,,,,
999,22/09/18 22:10:00,27.272,0.0,,,,
1000,22/09/18 22:15:00,27.272,0.0,,,,
1001,22/09/18 22:20:00,27.272,0.0,,,,
1002,22/09/18 22:25:00,27.272,0.0,,,,
1003,22/09/18 22:30:00,27.272,0.0,,,,
1004,22/09/18 22:35:00,27.173,0.0,,,,
1005,22/09/18 22:40:00,27.173,0.0,,,,
1006,22/09/18 22:45:00,27.173,0.0,,,,
1007,22/09/18 22:50:00,27.173,0.0,,,,
1008,22/09/18 22:55:00,27.173,0.0,,,,
1009,22/09/18 23:00:00,27.173,0.0,,,,
1010,22/09/18 23:05:00,27.173,0.0,,,,
1011,22/09/18 23:10:00,27.173,0.0,,,,
1012,22/09/18 23:15:00,27.173,0.0,,,,
1013,22/09/18 23:20:00,27.173,0.0,,,,
1014,22/09/18 23:25:00,27.173,0.0,,,,
1015,22/09/18 23:30:00,27.173,0.0,,,,
1016,22/09/18 23:35:00,27.173,0.0,,,,
1017,22/09/18 23:40:00,27.173,0.0,,,,
1018,22/09/18 23:45:00,27.173,0.0,,,,
1019,22/09/18 23:50:00,27.173,0.0,,,,
1020,22/09/18 23:55:00,27.173,0.0,,,,
1021,23/09/18 00:00:00,27.173,0.0,,,,
1022,23/09/18 00:05:00,27.173,0.0,,,,
1023,23/09/18 00:10:00,27.173,0.0,,,,
1024,23/09/18 00:15:00,27.075,0.0,,,,
1025,23/09/18 00:20:00,27.075,0.0,,,,
1026,23/09/18 00:25:00,27.075,0.0,,,,
1027,23/09/18 00:30:00,26.977,0.0,,,,
1028,23/09/18 00:35:00,26.977,0.0,,,,
1029,23/09/18 00:40:00,26.977,0.0,,,,
1030,23/09/18 00:45:00,26.977,0.0,,,,
1031,23/09/18 00:50:00,27.075,0.0,,,,
1032,23/09/18 00:55:00,27.075,0.0,,,,
1033,23/09/18 01:00:00,27.075,0.0,,,,
1034,23/09/18 01:05:00,27.075,0.0,,,,
1035,23/09/18 01:10:00,27.173,0.0,,,,
1036,23/09/18 01:15:00,27.173,0.0,,,,
1037,23/09/18 01:20:00,27.075,0.0,,,,
1038,23/09/18 01:25:00,27.075,0.0,,,,
1039,23/09/18 01:30:00,27.075,0.0,,,,
1040,23/09/18 01:35:00,27.075,0.0,,,,
1041,23/09/18 01:40:00,27.075,0.0,,,,
1042,23/09/18 01:45:00,27.075,0.0,,,,
1043,23/09/18 01:50:00,27.075,0.0,,,,
1044,23/09/18 01:55:00,27.173,0.0,,,,
1045,23/09/18 02:00:00,27.075,0.0,,,,
1046,23/09/18 02:05:00,27.173,0.0,,,,
1047,23/09/18 02:10:00,27.173,0.0,,,,
1048,23/09/18 02:15:00,27.173,0.0,,,,
1049,23/09/18 02:20:00,27.173,0.0,,,,
1050,23/09/18 02:25:00,27.173,0.0,,,,
1051,23/09/18 02:30:00,27.173,0.0,,,,
1052,23/09/18 02:35:00,27.173,0.0,,,,
1053,23/09/18 02:40:00,27.173,0.0,,,,
1054,23/09/18 02:45:00,27.173,0.0,,,,
1055,23/09/18 02:50:00,27.075,0.0,,,,
1056,23/09/18 02:55:00,27.075,0.0,,,,
1057,23/09/18 03:00:00,27.075,0.0,,,,
1058,23/09/18 03:05:00,27.075,0.0,,,,
1059,23/09/18 03:10:00,27.075,0.0,,,,
1060,23/09/18 03:15:00,27.173,0.0,,,,
1061,23/09/18 03:20:00,27.075,0.0,,,,
1062,23/09/18 03:25:00,27.075,0.0,,,,
1063,23/09/18 03:30:00,27.075,0.0,,,,
1064,23/09/18 03:35:00,27.173,0.0,,,,
1065,23/09/18 03:40:00,27.173,0.0,,,,
1066,23/09/18 03:45:00,27.173,0.0,,,,
1067,23/09/18 03:50:00,27.173,0.0,,,,
1068,23/09/18 03:55:00,27.173,0.0,,,,
1069,23/09/18 04:00:00,27.173,0.0,,,,
1070,23/09/18 04:05:00,27.173,0.0,,,,
1071,23/09/18 04:10:00,27.173,0.0,,,,
1072,23/09/18 04:15:00,27.173,0.0,,,,
1073,23/09/18 04:20:00,27.173,0.0,,,,
1074,23/09/18 04:25:00,27.173,0.0,,,,
1075,23/09/18 04:30:00,27.173,0.0,,,,
1076,23/09/18 04:35:00,27.173,0.0,,,,
1077,23/09/18 04:40:00,27.173,0.0,,,,
1078,23/09/18 04:45:00,27.173,0.0,,,,
1079,23/09/18 04:50:00,27.075,0.0,,,,
1080,23/09/18 04:55:00,27.075,0.0,,,,
1081,23/09/18 05:00:00,27.075,0.0,,,,
1082,23/09/18 05:05:00,27.075,0.0,,,,
1083,23/09/18 05:10:00,27.075,0.0,,,,
1084,23/09/18 05:15:00,27.075,0.0,,,,
1085,23/09/18 05:20:00,27.075,0.0,,,,
1086,23/09/18 05:25:00,27.075,0.0,,,,
1087,23/09/18 05:30:00,27.075,0.0,,,,
1088,23/09/18 05:35:00,27.075,0.0,,,,
1089,23/09/18 05:40:00,27.075,0.0,,,,
1090,23/09/18 05:45:00,27.075,0.0,,,,
1091,23/09/18 05:50:00,27.075,32.3,,,,
1092,23/09/18 05:55:00,27.075,75.3,,,,
1093,23/09/18 06:00:00,27.075,129.2,,,,
1094,23/09/18 06:05:00,27.075,312.2,,,,
1095,23/09/18 06:10:00,27.173,581.3,,,,
1096,23/09/18 06:15:00,27.173,818.1,,,,
1097,23/09/18 06:20:00,27.173,1119.5,,,,
1098,23/09/18 06:25:00,27.173,1097.9,,,,
1099,23/09/18 06:30:00,27.173,1463.9,,,,
1100,23/09/18 06:35:00,27.173,1367.0,,,,
1101,23/09/18 06:40:00,27.173,1463.9,,,,
1102,23/09/18 06:45:00,27.173,1636.1,,,,
1103,23/09/18 06:50:00,27.272,3272.2,,,,
1104,23/09/18 06:55:00,27.272,2669.5,,,,
1105,23/09/18 07:00:00,27.272,2755.6,,,,
1106,23/09/18 07:05:00,27.272,2927.8,,,,
1107,23/09/18 07:10:00,27.370,4305.6,,,,
1108,23/09/18 07:15:00,27.370,5166.7,,,,
1109,23/09/18 07:20:00,27.370,5511.1,,,,
1110,23/09/18 07:25:00,27.272,3961.1,,,,
1111,23/09/18 07:30:00,27.272,4822.3,,,,
1112,23/09/18 07:35:00,27.272,6544.5,,,,
1113,23/09/18 07:40:00,27.272,5511.1,,,,
1114,23/09/18 07:45:00,27.272,7233.4,,,,
1115,23/09/18 07:50:00,27.272,8266.7,,,,
1116,23/09/18 07:55:00,27.272,3961.1,,,,
1117,23/09/18 08:00:00,27.370,7577.8,,,,
1118,23/09/18 08:05:00,27.370,7577.8,,,,
1119,23/09/18 08:10:00,27.370,8266.7,,,,
1120,23/09/18 08:15:00,27.370,11711.2,,,,
1121,23/09/18 08:20:00,27.370,4994.5,,,,
1122,23/09/18 08:25:00,27.567,12400.1,,,,
1123,23/09/18 08:30:00,27.468,7233.4,,,,
1124,23/09/18 08:35:00,27.567,7577.8,,,,
1125,23/09/18 08:40:00,27.468,6200.0,,,,
1126,23/09/18 08:45:00,27.468,10677.8,,,,
1127,23/09/18 08:50:00,27.567,9300.1,,,,
1128,23/09/18 08:55:00,27.567,10333.4,,,,
1129,23/09/18 09:00:00,27.468,3616.7,,,,
1130,23/09/18 09:05:00,27.370,3444.5,,,,
1131,23/09/18 09:10:00,27.370,5338.9,,,,
1132,23/09/18 09:15:00,27.370,4477.8,,,,
1133,23/09/18 09:20:00,27.370,5511.1,,,,
1134,23/09/18 09:25:00,27.468,10677.8,,,,
1135,23/09/18 09:30:00,27.665,26178.0,,,,
1136,23/09/18 09:35:00,27.862,20666.8,,,,
1137,23/09/18 09:40:00,27.567,13089.0,,,,
1138,23/09/18 09:45:00,27.764,30311.3,,,,
1139,23/09/18 09:50:00,27.764,9300.1,,,,
1140,23/09/18 09:55:00,27.665,15844.5,,,,
1141,23/09/18 10:00:00,27.665,14466.8,,,,
1142,23/09/18 10:05:00,27.567,11022.3,,,,
1143,23/09/18 10:10:00,27.567,11022.3,,,,
1144,23/09/18 10:15:00,27.665,18600.1,,,,
1145,23/09/18 10:20:00,27.665,15844.5,,,,
1146,23/09/18 10:25:00,27.665,14466.8,,,,
1147,23/09/18 10:30:00,27.665,16533.4,,,,
1148,23/09/18 10:35:00,27.764,31689.1,,,,
1149,23/09/18 10:40:00,27.862,46844.8,,,,
1150,23/09/18 10:45:00,27.764,11022.3,,,,
1151,23/09/18 10:50:00,27.567,16533.4,,,,
1152,23/09/18 10:55:00,27.764,15155.7,,,,
1153,23/09/18 11:00:00,27.665,17911.2,,,,
1154,23/09/18 11:05:00,27.468,4822.3,,,,
1155,23/09/18 11:10:00,27.468,5511.1,,,,
1156,23/09/18 11:15:00,27.567,10677.8,,,,
1157,23/09/18 11:20:00,27.764,13777.9,,,,
1158,23/09/18 11:25:00,27.665,14466.8,,,,
1159,23/09/18 11:30:00,27.665,15155.7,,,,
1160,23/09/18 11:35:00,27.862,19977.9,,,,
1161,23/09/18 11:40:00,27.665,17222.3,,,,
1162,23/09/18 11:45:00,27.764,37200.2,,,,
1163,23/09/18 11:50:00,27.961,38578.0,,,,
1164,23/09/18 11:55:00,27.862,18600.1,,,,
1165,23/09/18 12:00:00,27.961,41333.6,,,,
1166,23/09/18 12:05:00,27.862,24800.2,,,,
1167,23/09/18 12:10:00,27.961,34444.7,,,,
1168,23/09/18 12:15:00,27.961,26178.0,,,,
1169,23/09/18 12:20:00,27.961,35822.5,,,,
1170,23/09/18 12:25:00,27.961,30311.3,,,,
1171,23/09/18 12:30:00,27.961,41333.6,,,,
1172,23/09/18 12:35:00,27.961,28933.5,,,,
1173,23/09/18 12:40:00,27.862,27555.7,,,,
1174,23/09/18 12:45:00,27.862,17222.3,,,,
1175,23/09/18 12:50:00,27.862,28933.5,,,,
1176,23/09/18 12:55:00,27.961,21355.7,,,,
1177,23/09/18 13:00:00,27.862,23422.4,,,,
1178,23/09/18 13:05:00,27.961,30311.3,,,,
1179,23/09/18 13:10:00,27.862,14466.8,,,,
1180,23/09/18 13:15:00,27.961,18600.1,,,,
1181,23/09/18 13:20:00,27.862,17222.3,,,,
1182,23/09/18 13:25:00,27.961,16533.4,,,,
1183,23/09/18 13:30:00,27.961,23422.4,,,,
1184,23/09/18 13:35:00,27.862,23422.4,,,,
1185,23/09/18 13:40:00,27.862,10677.8,,,,
1186,23/09/18 13:45:00,27.764,10333.4,,,,
1187,23/09/18 13:50:00,27.764,18600.1,,,,
1188,23/09/18 13:55:00,27.862,20666.8,,,,
1189,23/09/18 14:00:00,27.862,14466.8,,,,
1190,23/09/18 14:05:00,27.862,15844.5,,,,
1191,23/09/18 14:10:00,27.764,13777.9,,,,
1192,23/09/18 14:15:00,27.862,14466.8,,,,
1193,23/09/18 14:20:00,27.764,12400.1,,,,
1194,23/09/18 14:25:00,27.764,8266.7,,,,
1195,23/09/18 14:30:00,27.764,8611.2,,,,
1196,23/09/18 14:35:00,27.764,7577.8,,,,
1197,23/09/18 14:40:00,27.862,10333.4,,,,
1198,23/09/18 14:45:00,27.764,11711.2,,,,
1199,23/09/18 14:50:00,27.764,7577.8,,,,
1200,23/09/18 14:55:00,27.764,8611.2,,,,
1201,23/09/18 15:00:00,27.764,11711.2,,,,
1202,23/09/18 15:05:00,27.665,4822.3,,,,
1203,23/09/18 15:10:00,27.567,6200.0,,,,
1204,23/09/18 15:15:00,27.764,9300.1,,,,
1205,23/09/18 15:20:00,27.665,6544.5,,,,
1206,23/09/18 15:25:00,27.665,6544.5,,,,
1207,23/09/18 15:30:00,27.665,8611.2,,,,
1208,23/09/18 15:35:00,27.665,6544.5,,,,
1209,23/09/18 15:40:00,27.665,6200.0,,,,
1210,23/09/18 15:45:00,27.665,5166.7,,,,
1211,23/09/18 15:50:00,27.567,5511.1,,,,
1212,23/09/18 15:55:00,27.567,5166.7,,,,
1213,23/09/18 16:00:00,27.567,5511.1,,,,
1214,23/09/18 16:05:00,27.567,4305.6,,,,
1215,23/09/18 16:10:00,27.567,4133.4,,,,
1216,23/09/18 16:15:00,27.567,3444.5,,,,
1217,23/09/18 16:20:00,27.567,2669.5,,,,
1218,23/09/18 16:25:00,27.567,3100.0,,,,
1219,23/09/18 16:30:00,27.567,2669.5,,,,
1220,23/09/18 16:35:00,27.567,2325.0,,,,
1221,23/09/18 16:40:00,27.567,3961.1,,,,
1222,23/09/18 16:45:00,27.567,2755.6,,,,
1223,23/09/18 16:50:00,27.468,2066.7,,,,
1224,23/09/18 16:55:00,27.468,2238.9,,,,
1225,23/09/18 17:00:00,27.468,2669.5,,,,
1226,23/09/18 17:05:00,27.468,2325.0,,,,
1227,23/09/18 17:10:00,27.468,1980.6,,,,
1228,23/09/18 17:15:00,27.468,1550.0,,,,
1229,23/09/18 17:20:00,27.468,1334.7,,,,
1230,23/09/18 17:25:00,27.468,1076.4,,,,
1231,23/09/18 17:30:00,27.468,914.9,,,,
1232,23/09/18 17:35:00,27.468,818.1,,,,
1233,23/09/18 17:40:00,27.370,656.6,,,,
1234,23/09/18 17:45:00,27.370,505.9,,,,
1235,23/09/18 17:50:00,27.370,355.2,,,,
1236,23/09/18 17:55:00,27.370,247.6,,,,
1237,23/09/18 18:00:00,27.370,150.7,,,,
1238,23/09/18 18:05:00,27.370,75.3,,,,
1239,23/09/18 18:10:00,27.370,21.5,,,,
1240,23/09/18 18:15:00,27.370,0.0,,,,
1241,23/09/18 18:20:00,27.370,0.0,,,,
1242,23/09/18 18:25:00,27.370,0.0,,,,
1243,23/09/18 18:30:00,27.370,0.0,,,,
1244,23/09/18 18:35:00,27.370,0.0,,,,
1245,23/09/18 18:40:00,27.370,0.0,,,,
1246,23/09/18 18:45:00,27.370,0.0,,,,
1247,23/09/18 18:50:00,27.272,0.0,,,,
1248,23/09/18 18:55:00,27.272,0.0,,,,
1249,23/09/18 19:00:00,27.272,0.0,,,,
1250,23/09/18 19:05:00,27.272,0.0,,,,
1251,23/09/18 19:10:00,27.272,0.0,,,,
1252,23/09/18 19:15:00,27.272,0.0,,,,
1253,23/09/18 19:20:00,27.272,0.0,,,,
1254,23/09/18 19:25:00,27.272,0.0,,,,
1255,23/09/18 19:30:00,27.272,0.0,,,,
1256,23/09/18 19:35:00,27.272,0.0,,,,
1257,23/09/18 19:40:00,27.272,0.0,,,,
1258,23/09/18 19:45:00,27.272,0.0,,,,
1259,23/09/18 19:50:00,27.272,0.0,,,,
1260,23/09/18 19:55:00,27.272,0.0,,,,
1261,23/09/18 20:00:00,27.272,0.0,,,,
1262,23/09/18 20:05:00,27.272,0.0,,,,
1263,23/09/18 20:10:00,27.272,0.0,,,,
1264,23/09/18 20:15:00,27.272,0.0,,,,
1265,23/09/18 20:20:00,27.272,0.0,,,,
1266,23/09/18 20:25:00,27.272,0.0,,,,
1267,23/09/18 20:30:00,27.272,0.0,,,,
1268,23/09/18 20:35:00,27.272,0.0,,,,
1269,23/09/18 20:40:00,27.272,0.0,,,,
1270,23/09/18 20:45:00,27.272,0.0,,,,
1271,23/09/18 20:50:00,27.272,0.0,,,,
1272,23/09/18 20:55:00,27.272,0.0,,,,
1273,23/09/18 21:00:00,27.272,0.0,,,,
1274,23/09/18 21:05:00,27.272,0.0,,,,
1275,23/09/18 21:10:00,27.272,0.0,,,,
1276,23/09/18 21:15:00,27.272,0.0,,,,
1277,23/09/18 21:20:00,27.272,0.0,,,,
1278,23/09/18 21:25:00,27.272,0.0,,,,
1279,23/09/18 21:30:00,27.272,0.0,,,,
1280,23/09/18 21:35:00,27.272,0.0,,,,
1281,23/09/18 21:40:00,27.272,0.0,,,,
1282,23/09/18 21:45:00,27.272,0.0,,,,
1283,23/09/18 21:50:00,27.272,0.0,,,,
1284,23/09/18 21:55:00,27.272,0.0,,,,
1285,23/09/18 22:00:00,27.272,0.0,,,,
1286,23/09/18 22:05:00,27.272,0.0,,,,
1287,23/09/18 22:10:00,27.272,0.0,,,,
1288,23/09/18 22:15:00,27.272,0.0,,,,
1289,23/09/18 22:20:00,27.272,0.0,,,,
1290,23/09/18 22:25:00,27.272,0.0,,,,
1291,23/09/18 22:30:00,27.272,0.0,,,,
1292,23/09/18 22:35:00,27.272,0.0,,,,
1293,23/09/18 22:40:00,27.272,0.0,,,,
1294,23/09/18 22:45:00,27.272,0.0,,,,
1295,23/09/18 22:50:00,27.272,0.0,,,,
1296,23/09/18 22:55:00,27.173,0.0,,,,
1297,23/09/18 23:00:00,27.173,0.0,,,,
1298,23/09/18 23:05:00,27.173,0.0,,,,
1299,23/09/18 23:10:00,27.173,0.0,,,,
1300,23/09/18 23:15:00,27.272,0.0,,,,
1301,23/09/18 23:20:00,27.272,0.0,,,,
1302,23/09/18 23:25:00,27.272,0.0,,,,
1303,23/09/18 23:30:00,27.272,0.0,,,,
1304,23/09/18 23:35:00,27.272,0.0,,,,
1305,23/09/18 23:40:00,27.272,0.0,,,,
1306,23/09/18 23:45:00,27.173,0.0,,,,
1307,23/09/18 23:50:00,27.173,0.0,,,,
1308,23/09/18 23:55:00,27.173,0.0,,,,
1309,24/09/18 00:00:00,27.075,0.0,,,,
1310,24/09/18 00:05:00,27.075,0.0,,,,
1311,24/09/18 00:10:00,27.075,0.0,,,,
1312,24/09/18 00:15:00,27.075,0.0,,,,
1313,24/09/18 00:20:00,26.977,0.0,,,,
1314,24/09/18 00:25:00,26.977,0.0,,,,
1315,24/09/18 00:30:00,27.075,0.0,,,,
1316,24/09/18 00:35:00,27.075,0.0,,,,
1317,24/09/18 00:40:00,27.075,0.0,,,,
1318,24/09/18 00:45:00,27.075,0.0,,,,
1319,24/09/18 00:50:00,27.075,0.0,,,,
1320,24/09/18 00:55:00,26.977,0.0,,,,
1321,24/09/18 01:00:00,27.075,0.0,,,,
1322,24/09/18 01:05:00,27.075,0.0,,,,
1323,24/09/18 01:10:00,27.075,0.0,,,,
1324,24/09/18 01:15:00,27.075,0.0,,,,
1325,24/09/18 01:20:00,27.075,0.0,,,,
1326,24/09/18 01:25:00,27.075,0.0,,,,
1327,24/09/18 01:30:00,27.075,0.0,,,,
1328,24/09/18 01:35:00,27.075,0.0,,,,
1329,24/09/18 01:40:00,27.075,0.0,,,,
1330,24/09/18 01:45:00,27.075,0.0,,,,
1331,24/09/18 01:50:00,27.075,0.0,,,,
1332,24/09/18 01:55:00,27.075,0.0,,,,
1333,24/09/18 02:00:00,27.075,0.0,,,,
1334,24/09/18 02:05:00,27.075,0.0,,,,
1335,24/09/18 02:10:00,27.075,0.0,,,,
1336,24/09/18 02:15:00,27.075,0.0,,,,
1337,24/09/18 02:20:00,27.075,0.0,,,,
1338,24/09/18 02:25:00,27.075,0.0,,,,
1339,24/09/18 02:30:00,27.173,0.0,,,,
1340,24/09/18 02:35:00,27.173,0.0,,,,
1341,24/09/18 02:40:00,27.173,0.0,,,,
1342,24/09/18 02:45:00,27.173,0.0,,,,
1343,24/09/18 02:50:00,27.173,0.0,,,,
1344,24/09/18 02:55:00,27.075,0.0,,,,
1345,24/09/18 03:00:00,27.075,0.0,,,,
1346,24/09/18 03:05:00,27.075,0.0,,,,
1347,24/09/18 03:10:00,27.075,0.0,,,,
1348,24/09/18 03:15:00,27.075,0.0,,,,
1349,24/09/18 03:20:00,27.173,0.0,,,,
1350,24/09/18 03:25:00,27.173,0.0,,,,
1351,24/09/18 03:30:00,27.173,0.0,,,,
1352,24/09/18 03:35:00,27.173,0.0,,,,
1353,24/09/18 03:40:00,27.173,0.0,,,,
1354,24/09/18 03:45:00,27.173,0.0,,,,
1355,24/09/18 03:50:00,27.173,0.0,,,,
1356,24/09/18 03:55:00,27.173,0.0,,,,
1357,24/09/18 04:00:00,27.173,0.0,,,,
1358,24/09/18 04:05:00,27.173,0.0,,,,
1359,24/09/18 04:10:00,27.075,0.0,,,,
1360,24/09/18 04:15:00,27.075,0.0,,,,
1361,24/09/18 04:20:00,27.075,0.0,,,,
1362,24/09/18 04:25:00,27.075,0.0,,,,
1363,24/09/18 04:30:00,27.075,0.0,,,,
1364,24/09/18 04:35:00,27.075,0.0,,,,
1365,24/09/18 04:40:00,27.075,0.0,,,,
1366,24/09/18 04:45:00,27.075,0.0,,,,
1367,24/09/18 04:50:00,27.075,0.0,,,,
1368,24/09/18 04:55:00,27.075,0.0,,,,
1369,24/09/18 05:00:00,27.075,0.0,,,,
1370,24/09/18 05:05:00,27.075,0.0,,,,
1371,24/09/18 05:10:00,27.075,0.0,,,,
1372,24/09/18 05:15:00,27.075,0.0,,,,
1373,24/09/18 05:20:00,27.075,0.0,,,,
1374,24/09/18 05:25:00,27.075,0.0,,,,
1375,24/09/18 05:30:00,27.075,0.0,,,,
1376,24/09/18 05:35:00,27.075,0.0,,,,
1377,24/09/18 05:40:00,27.075,0.0,,,,
1378,24/09/18 05:45:00,27.075,10.8,,,,
1379,24/09/18 05:50:00,27.075,43.1,,,,
1380,24/09/18 05:55:00,27.075,107.6,,,,
1381,24/09/18 06:00:00,26.977,193.8,,,,
1382,24/09/18 06:05:00,26.977,312.2,,,,
1383,24/09/18 06:10:00,26.977,462.9,,,,
1384,24/09/18 06:15:00,26.977,624.3,,,,
1385,24/09/18 06:20:00,26.977,764.2,,,,
1386,24/09/18 06:25:00,26.977,1044.1,,,,
1387,24/09/18 06:30:00,27.075,1463.9,,,,
1388,24/09/18 06:35:00,27.075,1808.3,,,,
1389,24/09/18 06:40:00,27.075,2152.8,,,,
1390,24/09/18 06:45:00,27.173,2238.9,,,,
1391,24/09/18 06:50:00,27.173,2669.5,,,,
1392,24/09/18 06:55:00,27.173,2066.7,,,,
1393,24/09/18 07:00:00,27.075,2411.1,,,,
1394,24/09/18 07:05:00,27.173,3961.1,,,,
1395,24/09/18 07:10:00,27.173,2755.6,,,,
1396,24/09/18 07:15:00,27.075,2927.8,,,,
1397,24/09/18 07:20:00,27.075,3444.5,,,,
1398,24/09/18 07:25:00,27.075,3616.7,,,,
1399,24/09/18 07:30:00,27.075,4133.4,,,,
1400,24/09/18 07:35:00,27.173,4994.5,,,,
1401,24/09/18 07:40:00,27.272,8266.7,,,,
1402,24/09/18 07:45:00,27.272,6544.5,,,,
1403,24/09/18 07:50:00,27.272,3788.9,,,,
1404,24/09/18 07:55:00,27.370,7233.4,,,,
1405,24/09/18 08:00:00,27.272,5166.7,,,,
1406,24/09/18 08:05:00,27.370,11022.3,,,,
1407,24/09/18 08:10:00,27.468,7233.4,,,,
1408,24/09/18 08:15:00,27.370,12400.1,,,,
1409,24/09/18 08:20:00,27.468,6200.0,,,,
1410,24/09/18 08:25:00,27.370,8266.7,,,,
1411,24/09/18 08:30:00,27.370,6200.0,,,,
1412,24/09/18 08:35:00,27.370,7233.4,,,,
1413,24/09/18 08:40:00,27.272,6544.5,,,,
1414,24/09/18 08:45:00,27.173,4477.8,,,,
1415,24/09/18 08:50:00,27.173,5166.7,,,,
1416,24/09/18 08:55:00,27.272,5166.7,,,,
1417,24/09/18 09:00:00,27.370,6544.5,,,,
1418,24/09/18 09:05:00,27.370,7233.4,,,,
1419,24/09/18 09:10:00,27.370,7577.8,,,,
1420,24/09/18 09:15:00,27.370,8611.2,,,,
1421,24/09/18 09:20:00,27.370,7577.8,,,,
1422,24/09/18 09:25:00,27.370,6544.5,,,,
1423,24/09/18 09:30:00,27.370,8611.2,,,,
1424,24/09/18 09:35:00,27.468,11711.2,,,,
1425,24/09/18 09:40:00,27.468,12400.1,,,,
1426,24/09/18 09:45:00,27.468,11022.3,,,,
1427,24/09/18 09:50:00,27.468,13089.0,,,,
1428,24/09/18 09:55:00,27.567,14466.8,,,,
1429,24/09/18 10:00:00,27.567,23422.4,,,,
1430,24/09/18 10:05:00,27.665,26178.0,,,,
1431,24/09/18 10:10:00,27.764,20666.8,,,,
1432,24/09/18 10:15:00,27.764,33066.9,,,,
1433,24/09/18 10:20:00,27.665,17222.3,,,,
1434,24/09/18 10:25:00,27.764,38578.0,,,,
1435,24/09/18 10:30:00,27.764,28933.5,,,,
1436,24/09/18 10:35:00,27.764,49600.3,,,,
1437,24/09/18 10:40:00,27.764,20666.8,,,,
1438,24/09/18 10:45:00,27.567,28933.5,,,,
1439,24/09/18 10:50:00,27.665,18600.1,,,,
1440,24/09/18 10:55:00,27.665,17911.2,,,,
1441,24/09/18 11:00:00,27.567,13777.9,,,,
1442,24/09/18 11:05:00,27.665,22044.6,,,,
1443,24/09/18 11:10:00,27.764,23422.4,,,,
1444,24/09/18 11:15:00,27.665,17222.3,,,,
1445,24/09/18 11:20:00,27.764,16533.4,,,,
1446,24/09/18 11:25:00,27.567,11711.2,,,,
1447,24/09/18 11:30:00,27.665,13777.9,,,,
1448,24/09/18 11:35:00,27.665,18600.1,,,,
1449,24/09/18 11:40:00,27.567,9644.5,,,,
1450,24/09/18 11:45:00,27.468,7233.4,,,,
1451,24/09/18 11:50:00,27.468,5511.1,,,,
1452,24/09/18 11:55:00,27.468,7577.8,,,,
1453,24/09/18 12:00:00,27.468,7577.8,,,,
1454,24/09/18 12:05:00,27.468,5166.7,,,,
1455,24/09/18 12:10:00,27.468,7233.4,,,,
1456,24/09/18 12:15:00,27.468,7233.4,,,,
1457,24/09/18 12:20:00,27.468,11711.2,,,,
1458,24/09/18 12:25:00,27.567,11022.3,,,,
1459,24/09/18 12:30:00,27.567,13777.9,,,,
1460,24/09/18 12:35:00,27.665,12400.1,,,,
1461,24/09/18 12:40:00,27.665,26178.0,,,,
1462,24/09/18 12:45:00,27.961,35822.5,,,,
1463,24/09/18 12:50:00,27.961,27555.7,,,,
1464,24/09/18 12:55:00,27.862,44089.2,,,,
1465,24/09/18 13:00:00,27.862,18600.1,,,,
1466,24/09/18 13:05:00,27.862,22044.6,,,,
1467,24/09/18 13:10:00,27.961,41333.6,,,,
1468,24/09/18 13:15:00,27.961,15844.5,,,,
1469,24/09/18 13:20:00,27.862,31689.1,,,,
1470,24/09/18 13:25:00,27.764,22044.6,,,,
1471,24/09/18 13:30:00,27.764,20666.8,,,,
1472,24/09/18 13:35:00,27.764,24800.2,,,,
1473,24/09/18 13:40:00,27.862,17911.2,,,,
1474,24/09/18 13:45:00,27.764,17911.2,,,,
1475,24/09/18 13:50:00,27.665,14466.8,,,,
1476,24/09/18 13:55:00,27.665,14466.8,,,,
1477,24/09/18 14:00:00,27.665,11711.2,,,,
1478,24/09/18 14:05:00,27.665,12400.1,,,,
1479,24/09/18 14:10:00,27.665,22044.6,,,,
1480,24/09/18 14:15:00,27.665,11022.3,,,,
1481,24/09/18 14:20:00,27.665,10677.8,,,,
1482,24/09/18 14:25:00,27.665,9300.1,,,,
1483,24/09/18 14:30:00,27.567,6200.0,,,,
1484,24/09/18 14:35:00,27.567,5511.1,,,,
1485,24/09/18 14:40:00,27.567,11711.2,,,,
1486,24/09/18 14:45:00,27.567,7577.8,,,,
1487,24/09/18 14:50:00,27.665,12400.1,,,,
1488,24/09/18 14:55:00,27.665,8266.7,,,,
1489,24/09/18 15:00:00,27.567,7577.8,,,,
1490,24/09/18 15:05:00,27.665,10677.8,,,,
1491,24/09/18 15:10:00,27.665,9300.1,,,,
1492,24/09/18 15:15:00,27.567,6200.0,,,,
1493,24/09/18 15:20:00,27.567,5166.7,,,,
1494,24/09/18 15:25:00,27.468,5166.7,,,,
1495,24/09/18 15:30:00,27.468,4994.5,,,,
1496,24/09/18 15:35:00,27.468,3616.7,,,,
1497,24/09/18 15:40:00,27.468,2497.2,,,,
1498,24/09/18 15:45:00,27.468,2325.0,,,,
1499,24/09/18 15:50:00,27.468,4133.4,,,,
1500,24/09/18 15:55:00,27.567,4822.3,,,,
1501,24/09/18 16:00:00,27.567,3616.7,,,,
1502,24/09/18 16:05:00,27.567,3961.1,,,,
1503,24/09/18 16:10:00,27.468,3616.7,,,,
1504,24/09/18 16:15:00,27.468,3616.7,,,,
1505,24/09/18 16:20:00,27.468,3444.5,,,,
1506,24/09/18 16:25:00,27.468,3100.0,,,,
1507,24/09/18 16:30:00,27.370,2497.2,,,,
1508,24/09/18 16:35:00,27.370,1980.6,,,,
1509,24/09/18 16:40:00,27.370,2669.5,,,,
1510,24/09/18 16:45:00,27.370,2497.2,,,,
1511,24/09/18 16:50:00,27.370,2238.9,,,,
1512,24/09/18 16:55:00,27.370,2152.8,,,,
1513,24/09/18 17:00:00,27.370,2238.9,,,,
1514,24/09/18 17:05:00,27.370,2238.9,,,,
1515,24/09/18 17:10:00,27.370,1894.5,,,,
1516,24/09/18 17:15:00,27.370,1550.0,,,,
1517,24/09/18 17:20:00,27.370,1377.8,,,,
1518,24/09/18 17:25:00,27.370,1270.1,,,,
1519,24/09/18 17:30:00,27.370,1216.3,,,,
1520,24/09/18 17:35:00,27.370,1065.6,,,,
1521,24/09/18 17:40:00,27.272,861.1,,,,
1522,24/09/18 17:45:00,27.370,624.3,,,,
1523,24/09/18 17:50:00,27.272,387.5,,,,
1524,24/09/18 17:55:00,27.370,258.3,,,,
1525,24/09/18 18:00:00,27.370,150.7,,,,
1526,24/09/18 18:05:00,27.370,75.3,,,,
1527,24/09/18 18:10:00,27.370,21.5,,,,
1528,24/09/18 18:15:00,27.370,0.0,,,,
1529,24/09/18 18:20:00,27.272,0.0,,,,
1530,24/09/18 18:25:00,27.272,0.0,,,,
1531,24/09/18 18:30:00,27.272,0.0,,,,
1532,24/09/18 18:35:00,27.272,0.0,,,,
1533,24/09/18 18:40:00,27.173,0.0,,,,
1534,24/09/18 18:45:00,27.173,0.0,,,,
1535,24/09/18 18:50:00,27.173,0.0,,,,
1536,24/09/18 18:55:00,27.173,0.0,,,,
1537,24/09/18 19:00:00,27.173,0.0,,,,
1538,24/09/18 19:05:00,27.173,0.0,,,,
1539,24/09/18 19:10:00,27.173,0.0,,,,
1540,24/09/18 19:15:00,27.173,0.0,,,,
1541,24/09/18 19:20:00,27.173,0.0,,,,
1542,24/09/18 19:25:00,27.173,0.0,,,,
1543,24/09/18 19:30:00,27.173,0.0,,,,
1544,24/09/18 19:35:00,27.173,0.0,,,,
1545,24/09/18 19:40:00,27.173,0.0,,,,
1546,24/09/18 19:45:00,27.173,0.0,,,,
1547,24/09/18 19:50:00,27.173,0.0,,,,
1548,24/09/18 19:55:00,27.173,0.0,,,,
1549,24/09/18 20:00:00,27.173,0.0,,,,
1550,24/09/18 20:05:00,27.173,0.0,,,,
1551,24/09/18 20:10:00,27.173,0.0,,,,
1552,24/09/18 20:15:00,27.173,0.0,,,,
1553,24/09/18 20:20:00,27.173,0.0,,,,
1554,24/09/18 20:25:00,27.173,0.0,,,,
1555,24/09/18 20:30:00,27.173,0.0,,,,
1556,24/09/18 20:35:00,27.173,0.0,,,,
1557,24/09/18 20:40:00,27.173,0.0,,,,
1558,24/09/18 20:45:00,27.173,0.0,,,,
1559,24/09/18 20:50:00,27.173,0.0,,,,
1560,24/09/18 20:55:00,27.173,0.0,,,,
1561,24/09/18 21:00:00,27.173,0.0,,,,
1562,24/09/18 21:05:00,27.173,0.0,,,,
1563,24/09/18 21:10:00,27.173,0.0,,,,
1564,24/09/18 21:15:00,27.173,0.0,,,,
1565,24/09/18 21:20:00,27.173,0.0,,,,
1566,24/09/18 21:25:00,27.173,0.0,,,,
1567,24/09/18 21:30:00,27.173,0.0,,,,
1568,24/09/18 21:35:00,27.173,0.0,,,,
1569,24/09/18 21:40:00,27.173,0.0,,,,
1570,24/09/18 21:45:00,27.173,0.0,,,,
1571,24/09/18 21:50:00,27.173,0.0,,,,
1572,24/09/18 21:55:00,27.173,0.0,,,,
1573,24/09/18 22:00:00,27.173,0.0,,,,
1574,24/09/18 22:05:00,27.173,0.0,,,,
1575,24/09/18 22:10:00,27.173,0.0,,,,
1576,24/09/18 22:15:00,27.173,0.0,,,,
1577,24/09/18 22:20:00,27.173,0.0,,,,
1578,24/09/18 22:25:00,27.173,0.0,,,,
1579,24/09/18 22:30:00,27.173,0.0,,,,
1580,24/09/18 22:35:00,27.173,0.0,,,,
1581,24/09/18 22:40:00,27.173,0.0,,,,
1582,24/09/18 22:45:00,27.173,0.0,,,,
1583,24/09/18 22:50:00,27.173,0.0,,,,
1584,24/09/18 22:55:00,27.173,0.0,,,,
1585,24/09/18 23:00:00,27.173,0.0,,,,
1586,24/09/18 23:05:00,27.173,0.0,,,,
1587,24/09/18 23:10:00,27.173,0.0,,,,
1588,24/09/18 23:15:00,27.173,0.0,,,,
1589,24/09/18 23:20:00,27.173,0.0,,,,
1590,24/09/18 23:25:00,27.173,0.0,,,,
1591,24/09/18 23:30:00,27.173,0.0,,,,
1592,24/09/18 23:35:00,27.173,0.0,,,,
1593,24/09/18 23:40:00,27.173,0.0,,,,
1594,24/09/18 23:45:00,27.173,0.0,,,,
1595,24/09/18 23:50:00,27.173,0.0,,,,
1596,24/09/18 23:55:00,27.173,0.0,,,,
1597,25/09/18 00:00:00,27.173,0.0,,,,
1598,25/09/18 00:05:00,27.173,0.0,,,,
1599,25/09/18 00:10:00,27.173,0.0,,,,
1600,25/09/18 00:15:00,27.173,0.0,,,,
1601,25/09/18 00:20:00,27.173,0.0,,,,
1602,25/09/18 00:25:00,27.173,0.0,,,,
1603,25/09/18 00:30:00,27.173,0.0,,,,
1604,25/09/18 00:35:00,27.173,0.0,,,,
1605,25/09/18 00:40:00,27.173,0.0,,,,
1606,25/09/18 00:45:00,27.173,0.0,,,,
1607,25/09/18 00:50:00,27.075,0.0,,,,
1608,25/09/18 00:55:00,26.977,0.0,,,,
1609,25/09/18 01:00:00,26.879,0.0,,,,
1610,25/09/18 01:05:00,26.879,0.0,,,,
1611,25/09/18 01:10:00,26.879,0.0,,,,
1612,25/09/18 01:15:00,26.879,0.0,,,,
1613,25/09/18 01:20:00,26.879,0.0,,,,
1614,25/09/18 01:25:00,26.879,0.0,,,,
1615,25/09/18 01:30:00,26.879,0.0,,,,
1616,25/09/18 01:35:00,26.977,0.0,,,,
1617,25/09/18 01:40:00,26.977,0.0,,,,
1618,25/09/18 01:45:00,26.977,0.0,,,,
1619,25/09/18 01:50:00,26.977,0.0,,,,
1620,25/09/18 01:55:00,27.075,0.0,,,,
1621,25/09/18 02:00:00,27.075,0.0,,,,
1622,25/09/18 02:05:00,27.173,0.0,,,,
1623,25/09/18 02:10:00,27.173,0.0,,,,
1624,25/09/18 02:15:00,27.173,0.0,,,,
1625,25/09/18 02:20:00,27.173,0.0,,,,
1626,25/09/18 02:25:00,27.173,0.0,,,,
1627,25/09/18 02:30:00,27.173,0.0,,,,
1628,25/09/18 02:35:00,27.173,0.0,,,,
1629,25/09/18 02:40:00,27.075,0.0,,,,
1630,25/09/18 02:45:00,27.075,0.0,,,,
1631,25/09/18 02:50:00,26.977,0.0,,,,
1632,25/09/18 02:55:00,26.879,0.0,,,,
1633,25/09/18 03:00:00,26.879,0.0,,,,
1634,25/09/18 03:05:00,26.879,0.0,,,,
1635,25/09/18 03:10:00,26.781,0.0,,,,
1636,25/09/18 03:15:00,26.781,0.0,,,,
1637,25/09/18 03:20:00,26.781,0.0,,,,
1638,25/09/18 03:25:00,26.781,0.0,,,,
1639,25/09/18 03:30:00,26.781,0.0,,,,
1640,25/09/18 03:35:00,26.781,0.0,,,,
1641,25/09/18 03:40:00,26.781,0.0,,,,
1642,25/09/18 03:45:00,26.781,0.0,,,,
1643,25/09/18 03:50:00,26.781,0.0,,,,
1644,25/09/18 03:55:00,26.879,0.0,,,,
1645,25/09/18 04:00:00,26.879,0.0,,,,
1646,25/09/18 04:05:00,26.879,0.0,,,,
1647,25/09/18 04:10:00,26.879,0.0,,,,
1648,25/09/18 04:15:00,26.879,0.0,,,,
1649,25/09/18 04:20:00,26.879,0.0,,,,
1650,25/09/18 04:25:00,26.879,0.0,,,,
1651,25/09/18 04:30:00,26.879,0.0,,,,
1652,25/09/18 04:35:00,26.879,0.0,,,,
1653,25/09/18 04:40:00,26.977,0.0,,,,
1654,25/09/18 04:45:00,26.977,0.0,,,,
1655,25/09/18 04:50:00,26.977,0.0,,,,
1656,25/09/18 04:55:00,26.977,0.0,,,,
1657,25/09/18 05:00:00,26.977,0.0,,,,
1658,25/09/18 05:05:00,26.977,0.0,,,,
1659,25/09/18 05:10:00,26.879,0.0,,,,
1660,25/09/18 05:15:00,26.879,0.0,,,,
1661,25/09/18 05:20:00,26.879,0.0,,,,
1662,25/09/18 05:25:00,26.977,0.0,,,,
1663,25/09/18 05:30:00,27.075,0.0,,,,
1664,25/09/18 05:35:00,27.075,0.0,,,,
1665,25/09/18 05:40:00,27.075,0.0,,,,
1666,25/09/18 05:45:00,27.173,10.8,,,,
1667,25/09/18 05:50:00,27.075,43.1,,,,
1668,25/09/18 05:55:00,27.075,129.2,,,,
1669,25/09/18 06:00:00,27.075,236.8,,,,
1670,25/09/18 06:05:00,27.173,322.9,,,,
1671,25/09/18 06:10:00,27.173,484.4,,,,
1672,25/09/18 06:15:00,27.173,635.1,,,,
1673,25/09/18 06:20:00,27.173,796.5,,,,
1674,25/09/18 06:25:00,27.075,990.3,,,,
1675,25/09/18 06:30:00,27.075,1108.7,,,,
1676,25/09/18 06:35:00,27.075,1334.7,,,,
1677,25/09/18 06:40:00,27.075,1550.0,,,,
1678,25/09/18 06:45:00,27.173,1980.6,,,,
1679,25/09/18 06:50:00,27.173,2497.2,,,,
1680,25/09/18 06:55:00,27.173,2411.1,,,,
1681,25/09/18 07:00:00,27.173,3272.2,,,,
1682,25/09/18 07:05:00,27.272,4650.0,,,,
1683,25/09/18 07:10:00,27.272,5338.9,,,,
1684,25/09/18 07:15:00,27.272,5166.7,,,,
1685,25/09/18 07:20:00,27.272,3961.1,,,,
1686,25/09/18 07:25:00,27.272,3788.9,,,,
1687,25/09/18 07:30:00,27.272,3961.1,,,,
1688,25/09/18 07:35:00,27.272,4650.0,,,,
1689,25/09/18 07:40:00,27.173,4822.3,,,,
1690,25/09/18 07:45:00,27.272,5166.7,,,,
1691,25/09/18 07:50:00,27.272,7233.4,,,,
1692,25/09/18 07:55:00,27.370,8611.2,,,,
1693,25/09/18 08:00:00,27.370,5511.1,,,,
1694,25/09/18 08:05:00,27.272,10333.4,,,,
1695,25/09/18 08:10:00,27.370,11022.3,,,,
1696,25/09/18 08:15:00,27.370,6544.5,,,,
1697,25/09/18 08:20:00,27.370,13777.9,,,,
1698,25/09/18 08:25:00,27.370,8266.7,,,,
1699,25/09/18 08:30:00,27.370,6544.5,,,,
1700,25/09/18 08:35:00,27.468,15844.5,,,,
1701,25/09/18 08:40:00,27.567,12400.1,,,,
1702,25/09/18 08:45:00,27.468,10333.4,,,,
1703,25/09/18 08:50:00,27.567,14466.8,,,,
1704,25/09/18 08:55:00,27.567,12400.1,,,,
1705,25/09/18 09:00:00,27.567,14466.8,,,,
1706,25/09/18 09:05:00,27.567,18600.1,,,,
1707,25/09/18 09:10:00,27.567,22044.6,,,,
1708,25/09/18 09:15:00,27.567,19977.9,,,,
1709,25/09/18 09:20:00,27.567,19977.9,,,,
1710,25/09/18 09:25:00,27.567,7577.8,,,,
1711,25/09/18 09:30:00,27.665,21355.7,,,,
1712,25/09/18 09:35:00,27.665,17222.3,,,,
1713,25/09/18 09:40:00,27.665,24800.2,,,,
1714,25/09/18 09:45:00,27.665,30311.3,,,,
1715,25/09/18 09:50:00,27.665,19977.9,,,,
1716,25/09/18 09:55:00,27.665,16533.4,,,,
1717,25/09/18 10:00:00,27.665,19977.9,,,,
1718,25/09/18 10:05:00,27.665,28933.5,,,,
1719,25/09/18 10:10:00,27.665,28933.5,,,,
1720,25/09/18 10:15:00,27.764,26178.0,,,,
1721,25/09/18 10:20:00,27.764,46844.8,,,,
1722,25/09/18 10:25:00,27.764,30311.3,,,,
1723,25/09/18 10:30:00,27.862,28933.5,,,,
1724,25/09/18 10:35:00,27.862,19289.0,,,,
1725,25/09/18 10:40:00,27.567,18600.1,,,,
1726,25/09/18 10:45:00,27.665,15844.5,,,,
1727,25/09/18 10:50:00,27.862,35822.5,,,,
1728,25/09/18 10:55:00,27.862,28933.5,,,,
1729,25/09/18 11:00:00,27.961,71644.9,,,,
1730,25/09/18 11:05:00,27.665,20666.8,,,,
1731,25/09/18 11:10:00,27.567,44089.2,,,,
1732,25/09/18 11:15:00,27.567,11711.2,,,,
1733,25/09/18 11:20:00,27.468,10677.8,,,,
1734,25/09/18 11:25:00,27.665,13089.0,,,,
1735,25/09/18 11:30:00,27.468,7577.8,,,,
1736,25/09/18 11:35:00,27.764,28933.5,,,,
1737,25/09/18 11:40:00,27.764,28933.5,,,,
1738,25/09/18 11:45:00,27.862,23422.4,,,,
1739,25/09/18 11:50:00,27.764,23422.4,,,,
1740,25/09/18 11:55:00,27.862,26178.0,,,,
1741,25/09/18 12:00:00,27.764,22044.6,,,,
1742,25/09/18 12:05:00,27.764,22044.6,,,,
1743,25/09/18 12:10:00,27.862,30311.3,,,,
1744,25/09/18 12:15:00,27.862,42711.4,,,,
1745,25/09/18 12:20:00,27.862,28933.5,,,,
1746,25/09/18 12:25:00,27.862,34444.7,,,,
1747,25/09/18 12:30:00,27.862,11711.2,,,,
1748,25/09/18 12:35:00,27.862,26178.0,,,,
1749,25/09/18 12:40:00,27.862,17911.2,,,,
1750,25/09/18 12:45:00,27.862,42711.4,,,,
1751,25/09/18 12:50:00,27.862,23422.4,,,,
1752,25/09/18 12:55:00,27.862,28933.5,,,,
1753,25/09/18 13:00:00,27.862,15844.5,,,,
1754,25/09/18 13:05:00,27.862,18600.1,,,,
1755,25/09/18 13:10:00,27.862,30311.3,,,,
1756,25/09/18 13:15:00,27.862,24800.2,,,,
1757,25/09/18 13:20:00,27.862,20666.8,,,,
1758,25/09/18 13:25:00,27.468,1227.1,,,,
1759,25/09/18 13:30:00,27.370,452.1,,,,
1760,25/09/18 13:35:00,25.222,344.4,,,,
1761,25/09/18 13:40:00,24.158,764.2,,,,
1762,25/09/18 13:45:00,23.773,14466.8,,,,
1763,25/09/18 13:50:00,23.966,473.6,,,,
1764,25/09/18 13:55:00,24.351,301.4,,,,
1765,25/09/18 14:00:00,24.351,236.8,,,,
1766,25/09/18 14:05:00,24.448,269.1,,,,
1767,25/09/18 14:10:00,24.448,807.3,,,,
1768,25/09/18 14:15:00,24.448,32.3,,,,
1769,25/09/18 14:20:00,24.545,193.8,,,,
1770,25/09/18 14:25:00,24.545,118.4,,,,
1771,25/09/18 14:30:00,24.641,215.3,,,,
1772,25/09/18 14:35:00,24.545,269.1,,,,
1773,25/09/18 14:40:00,24.545,0.0,,,,
1774,25/09/18 14:45:00,24.255,0.0,,,,
1775,25/09/18 14:50:00,24.062,0.0,,,,
1776,25/09/18 14:55:00,23.869,0.0,,,,
1777,25/09/18 15:00:00,23.869,0.0,,,,
1778,25/09/18 15:05:00,23.869,409.0,,,,
1779,25/09/18 15:10:00,23.773,419.8,,,,
1780,25/09/18 15:15:00,23.677,559.7,,,,
1781,25/09/18 15:20:00,23.581,925.7,,,,
1782,25/09/18 15:25:00,23.677,1463.9,,,,
1783,25/09/18 15:30:00,23.966,1980.6,,,,
1784,25/09/18 15:35:00,24.062,193.8,,,,
1785,25/09/18 15:40:00,23.869,107.6,,,,
1786,25/09/18 15:45:00,23.677,204.5,,,,
1787,25/09/18 15:50:00,23.484,796.5,,,,
1788,25/09/18 15:55:00,23.581,1808.3,,,,
1789,25/09/18 16:00:00,23.581,527.4,,,,
1790,25/09/18 16:05:00,23.677,236.8,,,,
1791,25/09/18 16:10:00,23.581,129.2,,,,
1792,25/09/18 16:15:00,23.581,505.9,,,,
1793,25/09/18 16:20:00,23.581,150.7,,,,
1794,25/09/18 16:25:00,23.677,495.1,,,,
1795,25/09/18 16:30:00,23.677,828.8,,,,
1796,25/09/18 16:35:00,23.581,419.8,,,,
1797,25/09/18 16:40:00,23.677,355.2,,,,
1798,25/09/18 16:45:00,23.677,452.1,,,,
1799,25/09/18 16:50:00,23.677,667.4,,,,
1800,25/09/18 16:55:00,23.869,7233.4,,,,
1801,25/09/18 17:00:00,24.255,8266.7,,,,
1802,25/09/18 17:05:00,25.028,7233.4,,,,
1803,25/09/18 17:10:00,25.708,14466.8,,,,
1804,25/09/18 17:15:00,26.000,6200.0,,,,
1805,25/09/18 17:20:00,25.708,2755.6,,,,
1806,25/09/18 17:25:00,25.610,3788.9,,,,
1807,25/09/18 17:30:00,25.416,2152.8,,,,
1808,25/09/18 17:35:00,25.902,6200.0,,,,
1809,25/09/18 17:40:00,26.781,4477.8,,,,
1810,25/09/18 17:45:00,27.370,1808.3,,,,
1811,25/09/18 17:50:00,26.585,2066.7,,,,
1812,25/09/18 17:55:00,25.708,1291.7,,,,
1813,25/09/18 18:00:00,25.416,495.1,,,,
1814,25/09/18 18:04:26,,,Enregistré,,,
1815,25/09/18 18:04:29,,,,Enregistré,,
1816,25/09/18 18:04:44,,,,,Enregistré,Enregistré
