site;depth;ID;septa dist;Width valley;Height septa
Rangiroa_3;40;2480;0.6000;0.2270;1.9900
Rangiroa_3;40;2480;0.0560;0.2560;2.4500
Rangiroa_3;40;2480;0.0840;0.2310;2.4200
Rangiroa_3;40;2480;0.0640;0.2670;0.4600
Rangiroa_3;40;2480;0.0520;0.2790;2.6800
Rangiroa_3;40;2480;0.0680;0.1400;2.4100
Rangiroa_3;40;2480;0.0560;0.1950;2.4000
Rangiroa_3;40;2480;0.0440;0.2480;2.4900
Rangiroa_3;40;2480;0.0760;0.1740;2.4200
Rangiroa_3;40;2480;0.0440;0.2160;2.3900
Rangiroa_3;60;2470;0.0760;0.1520;2.9000
Rangiroa_3;60;2470;0.0680;0.1320;2.5500
Rangiroa_3;60;2470;0.0600;0.1690;2.3900
Rangiroa_3;60;2470;0.7600;0.1440;2.4400
Rangiroa_3;60;2470;0.6000;0.1640;2.3500
Rangiroa_3;60;2470;0.0840;0.1170;2.1000
Rangiroa_3;60;2470;0.0776;0.1370;2.3500
Rangiroa_3;60;2470;0.0560;0.1300;2.1500
Rangiroa_3;60;2470;0.0480;0.1340;2.0500
Rangiroa_3;60;2470;0.0400;0.1680;NA
Rangiroa_3;60;2469;0.0600;0.0760;2.4100
Rangiroa_3;60;2469;0.0640;0.1520;2.1900
Rangiroa_3;60;2469;0.0320;0.0999;1.8400
Rangiroa_3;60;2469;0.0560;0.1340;1.8700
Rangiroa_3;60;2469;0.0640;0.1810;2.0300
Rangiroa_3;60;2469;0.0855;0.1310;1.7800
Rangiroa_3;60;2469;0.0843;0.1330;1.8800
Rangiroa_3;60;2469;0.0565;0.1160;1.9700
Rangiroa_3;60;2469;0.0600;0.1200;1.5500
Rangiroa_3;60;2469;0.0680;0.1540;1.6800
Rangiroa_3;60;2468;0.0720;0.1160;2.3100
Rangiroa_3;60;2468;0.0843;0.0990;2.2500
Rangiroa_3;60;2468;0.0680;0.1480;2.6900
Rangiroa_3;60;2468;0.0480;0.2220;3.0500
Rangiroa_3;60;2468;0.0840;0.1440;1.5000
Rangiroa_3;60;2468;0.0560;0.1180;1.8700
Rangiroa_3;60;2468;0.0600;0.1320;1.8400
Rangiroa_3;60;2468;0.0600;0.1010;2.0200
Rangiroa_3;60;2468;0.0560;0.1140;2.1100
Rangiroa_3;60;2468;0.0888;0.1090;2.4700
Rangiroa_3;60;2467;0.0645;0.0999;1.2400
Rangiroa_3;60;2467;0.0400;0.1160;1.4900
Rangiroa_3;60;2467;0.0520;0.1640;1.5100
Rangiroa_3;60;2467;0.0612;0.1320;1.5800
Rangiroa_3;60;2467;0.0776;0.1930;2.0100
Rangiroa_3;60;2467;0.1200;0.1690;1.8900
Rangiroa_3;60;2467;0.0680;0.1600;1.6100
Rangiroa_3;60;2467;0.0760;0.1480;1.7500
Rangiroa_3;60;2467;0.0760;0.1640;2.0200
Rangiroa_3;60;2467;0.0600;0.2160;2.0600
Rangiroa_3;60;2466;0.0468;0.1760;2.2800
Rangiroa_3;60;2466;0.0605;0.2170;2.0800
Rangiroa_3;60;2466;0.0659;0.1710;1.9800
Rangiroa_3;60;2466;0.0646;0.1800;2.0300
Rangiroa_3;60;2466;0.0565;0.1860;2.3100
Rangiroa_3;60;2466;0.0815;0.1850;2.1400
Rangiroa_3;60;2466;0.0797;0.1240;2.0700
Rangiroa_3;60;2466;0.0432;0.1300;2.3800
Rangiroa_3;60;2466;0.1040;0.1170;1.7000
Rangiroa_3;60;2466;0.0735;0.1240;1.9400
Rangiroa_3;60;2464;0.0769;0.2330;3.4900
Rangiroa_3;60;2464;0.1000;0.1390;3.5700
Rangiroa_3;60;2464;0.1060;0.1970;3.2700
Rangiroa_3;60;2464;0.0841;0.1780;2.9400
Rangiroa_3;60;2464;0.0506;0.2090;3.1600
Rangiroa_3;60;2464;0.0873;0.2730;3.4500
Rangiroa_3;60;2464;0.0582;0.1930;3.2200
Rangiroa_3;60;2464;0.0721;0.2630;3.0900
Rangiroa_3;60;2464;0.0632;0.2190;3.7000
Rangiroa_3;60;2464;0.0544;0.1430;2.9600
Rangiroa_3;60;2463;0.0600;0.1370;1.2700
Rangiroa_3;60;2463;0.0600;0.1380;1.2800
Rangiroa_3;60;2463;0.0680;0.2520;1.5900
Rangiroa_3;60;2463;0.0920;0.1320;1.9600
Rangiroa_3;60;2463;0.1010;0.2530;2.2800
Rangiroa_3;60;2463;0.0680;0.2590;2.6000
Rangiroa_3;60;2463;0.0480;0.1520;2.0100
Rangiroa_3;60;2463;0.0600;0.1990;NA
Rangiroa_3;60;2463;0.0680;0.1800;NA
Rangiroa_3;60;2463;0.0600;0.1060;NA
Rangiroa_3;60;2465;0.1200;0.3620;2.0900
Rangiroa_3;60;2465;0.0880;0.2500;2.1800
Rangiroa_3;60;2465;0.1090;0.1380;2.1200
Rangiroa_3;60;2465;0.0645;0.1750;1.8700
Rangiroa_3;60;2465;0.5720;0.2080;2.0200
Rangiroa_3;60;2465;0.0840;0.1000;2.0700
Rangiroa_3;60;2465;0.0845;0.1490;1.6400
Rangiroa_3;60;2465;0.1130;0.1760;NA
Rangiroa_3;60;2465;0.0863;0.1060;NA
Rangiroa_3;60;2465;0.0721;0.1580;NA
Rangiroa_3;90;2563;0.0369;0.2000;1.9000
Rangiroa_3;90;2563;0.0233;0.1860;1.9200
Rangiroa_3;90;2563;0.0283;0.1370;1.6400
Rangiroa_3;90;2563;0.0283;0.1660;1.9100
Rangiroa_3;90;2563;0.0358;0.2140;1.4800
Rangiroa_3;90;2563;0.0268;0.2150;NA
Rangiroa_3;90;2563;0.0215;0.1860;NA
Rangiroa_3;90;2563;0.0369;0.1790;NA
Rangiroa_3;90;2563;0.0280;0.1750;NA
Rangiroa_3;90;2563;0.0268;0.1360;NA
Rangiroa_3;90;2564;0.0521;0.1850;1.1500
Rangiroa_3;90;2564;0.0565;0.1920;1.1000
Rangiroa_3;90;2564;0.0520;0.1960;1.0100
Rangiroa_3;90;2564;0.0362;0.1840;0.7640
Rangiroa_3;90;2564;0.0442;0.1840;NA
Rangiroa_3;90;2564;0.0362;0.1760;NA
Rangiroa_3;90;2564;0.0369;0.1800;NA
Rangiroa_3;90;2564;0.0369;0.1800;NA
Rangiroa_3;90;2564;0.0362;0.1300;NA
Rangiroa_3;90;2564;0.0369;0.1560;NA
Rangiroa_3;90;2565;0.0594;0.1760;1.1600
Rangiroa_3;90;2565;0.0402;0.1520;1.3400
Rangiroa_3;90;2565;0.0496;0.2200;1.2500
Rangiroa_3;90;2565;0.0605;0.1590;1.3600
Rangiroa_3;90;2565;0.0621;0.2620;1.2800
Rangiroa_3;90;2565;0.0572;0.2360;1.2000
Rangiroa_3;90;2565;0.0565;0.2360;NA
Rangiroa_3;90;2565;0.0544;0.1120;NA
Rangiroa_3;90;2565;0.0533;0.2100;NA
Rangiroa_3;90;2565;0.0565;0.2120;NA
Rangiroa_3;90;2566;0.0605;0.2000;1.1800
Rangiroa_3;90;2566;0.0680;0.1400;1.4900
Rangiroa_3;90;2566;0.0730;0.2400;1.5900
Rangiroa_3;90;2566;0.0801;0.1770;1.6500
Rangiroa_3;90;2566;0.0920;0.2000;1.6900
Rangiroa_3;90;2566;0.0521;0.2440;NA
Rangiroa_3;90;2566;0.0920;0.2330;NA
Rangiroa_3;90;2566;0.0601;0.2680;NA
Rangiroa_3;90;2566;0.0840;0.2320;NA
Rangiroa_3;90;2566;0.0645;0.2760;NA
Rangiroa_3;90;2567;0.0804;0.2570;1.2700
Rangiroa_3;90;2567;0.0999;0.1560;1.2800
Rangiroa_3;90;2567;0.0888;0.1640;1.2100
Rangiroa_3;90;2567;0.0888;0.1880;1.5100
Rangiroa_3;90;2567;0.0927;0.2090;1.5200
Rangiroa_3;90;2567;0.0960;0.1920;1.3700
Rangiroa_3;90;2567;0.0880;0.1640;1.4500
Rangiroa_3;90;2567;0.0920;0.2640;1.3400
Rangiroa_3;90;2567;0.0870;0.2340;1.1700
Rangiroa_3;90;2567;0.0910;0.2930;NA
Rangiroa_3;90;2568;0.0999;0.2690;1.1900
Rangiroa_3;90;2568;0.0973;0.2410;1.8000
Rangiroa_3;90;2568;0.0855;0.2440;1.9900
Rangiroa_3;90;2568;0.0787;0.3100;1.2100
Rangiroa_3;90;2568;0.1010;0.3120;1.1700
Rangiroa_3;90;2568;0.1010;0.3040;1.2700
Rangiroa_3;90;2568;0.1400;0.2330;1.0400
Rangiroa_3;90;2568;0.1150;0.2660;NA
Rangiroa_3;90;2568;0.1120;0.2890;NA
Rangiroa_3;90;2568;0.1310;0.2280;NA
Rangiroa_3;90;2569;0.0480;0.2780;1.5200
Rangiroa_3;90;2569;0.0680;0.2360;1.6300
Rangiroa_3;90;2569;0.0601;0.2310;1.6400
Rangiroa_3;90;2569;0.0605;0.2690;1.3600
Rangiroa_3;90;2569;0.0506;0.3090;1.5500
Rangiroa_3;90;2569;0.0601;0.2520;1.3700
Rangiroa_3;90;2569;0.0645;0.2060;NA
Rangiroa_3;90;2569;0.0809;0.2390;NA
Rangiroa_3;90;2569;0.0572;0.2490;NA
Rangiroa_3;90;2569;0.0632;0.2820;NA
Rangiroa_3;25;2573;0.0720;0.1970;2.7600
Rangiroa_3;25;2573;0.0641;0.2440;2.4700
Rangiroa_3;25;2573;0.0681;0.1780;2.3700
Rangiroa_3;25;2573;0.0815;0.1840;2.2400
Rangiroa_3;25;2573;0.0848;0.2140;2.0900
Rangiroa_3;25;2573;0.0830;0.1870;1.9400
Rangiroa_3;25;2573;0.0941;0.2000;1.9500
Rangiroa_3;25;2573;0.1080;0.1900;1.9800
Rangiroa_3;25;2573;0.1210;0.2210;2.0100
Rangiroa_3;25;2573;0.1280;0.2140;NA
Rangiroa_3;25;2574;0.0963;0.2240;1.5500
Rangiroa_3;25;2574;0.0999;0.2680;1.5100
Rangiroa_3;25;2574;0.1080;0.1850;1.9000
Rangiroa_3;25;2574;0.1340;0.1890;1.6200
Rangiroa_3;25;2574;0.0720;0.2580;1.9900
Rangiroa_3;25;2574;0.1000;0.2130;2.5100
Rangiroa_3;25;2574;0.1250;0.2010;NA
Rangiroa_3;25;2574;0.0973;0.2440;NA
Rangiroa_3;25;2574;0.1660;0.2030;NA
Rangiroa_3;25;2574;0.1400;0.1760;NA
Rangiroa_3;25;2575;0.0684;0.2390;2.7000
Rangiroa_3;25;2575;0.0684;0.2150;2.9500
Rangiroa_3;25;2575;0.0720;0.2380;2.6200
Rangiroa_3;25;2575;0.0600;0.1700;2.6500
Rangiroa_3;25;2575;0.0737;0.1800;1.9000
Rangiroa_3;25;2575;0.0680;0.2090;2.4700
Rangiroa_3;25;2575;0.0632;0.2170;2.7100
Rangiroa_3;25;2575;0.0646;0.2640;2.6400
Rangiroa_3;25;2575;0.0712;0.2180;1.7500
Rangiroa_3;25;2575;0.0776;0.2200;1.8300
Rangiroa_3;25;2576;0.1980;0.2940;3.9000
Rangiroa_3;25;2576;0.1670;0.2270;3.7000
Rangiroa_3;25;2576;0.2160;0.2470;3.9400
Rangiroa_3;25;2576;0.2610;0.2420;3.9500
Rangiroa_3;25;2576;0.2100;0.3430;4.0900
Rangiroa_3;25;2576;0.1470;0.2920;4.1600
Rangiroa_3;25;2576;0.1440;0.2780;3.5600
Rangiroa_3;25;2576;0.1340;0.3510;4.0100
Rangiroa_3;25;2576;0.2420;0.3080;3.9800
Rangiroa_3;25;2576;0.1540;0.2800;3.7900
Rangiroa_3;25;2577;0.0843;0.3680;2.7700
Rangiroa_3;25;2577;0.0360;0.2840;2.5400
Rangiroa_3;25;2577;0.0601;0.2790;2.3600
Rangiroa_3;25;2577;0.0761;0.2090;1.5700
Rangiroa_3;25;2577;0.0680;0.2940;2.4900
Rangiroa_3;25;2577;0.0761;0.2710;1.6400
Rangiroa_3;25;2577;0.0801;0.2080;2.1300
Rangiroa_3;25;2577;0.0600;0.2700;2.1200
Rangiroa_3;25;2577;0.0843;0.2990;2.0100
Rangiroa_3;25;2577;0.0565;0.3510;NA
Rangiroa_3;25;2578;0.0764;0.2780;2.5900
Rangiroa_3;25;2578;0.0840;0.2500;2.4000
Rangiroa_3;25;2578;0.0804;0.2730;2.6700
Rangiroa_3;25;2578;0.0801;0.2860;2.3800
Rangiroa_3;25;2578;0.0800;0.3360;2.2500
Rangiroa_3;25;2578;0.0761;0.2150;2.5400
Rangiroa_3;25;2578;0.0880;0.2640;2.5200
Rangiroa_3;25;2578;0.1160;0.2100;1.9200
Rangiroa_3;25;2578;0.0601;0.1720;1.8400
Rangiroa_3;25;2578;0.0800;0.1920;NA
Tikehau_2;10;1864;0.1750;0.2890;3.8700
Tikehau_2;10;1864;0.2180;0.4360;3.6100
Tikehau_2;10;1864;0.2020;0.2570;2.9200
Tikehau_2;10;1864;0.1610;0.2750;2.9400
Tikehau_2;10;1864;0.2140;0.2940;3.1300
Tikehau_2;10;1864;0.1580;0.4130;3.9300
Tikehau_2;10;1864;0.1560;0.3360;3.8500
Tikehau_2;10;1864;0.1580;0.2060;3.5900
Tikehau_2;10;1864;0.0735;0.3920;3.4100
Tikehau_2;10;1864;0.1040;0.2900;2.8300
Tikehau_2;10;1865;0.1260;0.2120;2.6400
Tikehau_2;10;1865;0.1610;0.1850;2.7500
Tikehau_2;10;1865;0.1030;0.2140;2.8900
Tikehau_2;10;1865;0.1010;0.2430;2.8800
Tikehau_2;10;1865;0.0855;0.2030;2.9000
Tikehau_2;10;1865;0.1180;0.1820;3.3000
Tikehau_2;10;1865;0.1830;0.2000;3.1000
Tikehau_2;10;1865;0.1260;0.1900;3.0600
Tikehau_2;10;1865;0.1200;0.2680;2.5300
Tikehau_2;10;1865;0.0902;0.1660;2.6500
Tikehau_2;10;1866;0.0501;0.2280;2.7700
Tikehau_2;10;1866;0.0521;0.2650;2.5300
Tikehau_2;10;1866;0.0590;0.2010;2.6500
Tikehau_2;10;1866;0.0721;0.2000;2.6600
Tikehau_2;10;1866;0.0442;0.1980;2.4300
Tikehau_2;10;1866;0.0594;0.1250;2.5300
Tikehau_2;10;1866;0.0544;0.3850;2.7100
Tikehau_2;10;1866;0.0468;0.2670;2.6200
Tikehau_2;10;1866;0.0377;0.2430;2.6400
Tikehau_2;10;1866;0.0402;0.2480;2.5400
Tikehau_2;10;1867;0.0565;0.2700;2.2100
Tikehau_2;10;1867;0.0645;0.0855;2.5300
Tikehau_2;10;1867;0.0557;0.2160;2.4900
Tikehau_2;10;1867;0.0681;0.1600;2.6600
Tikehau_2;10;1867;0.0640;0.1960;2.2500
Tikehau_2;10;1867;0.0894;0.1240;2.1600
Tikehau_2;10;1867;0.0590;0.2070;2.2700
Tikehau_2;10;1867;0.0486;0.1150;2.1800
Tikehau_2;10;1867;0.1120;0.2020;2.4400
Tikehau_2;10;1867;0.0659;0.1400;2.3200
Tikehau_2;10;1868;0.0425;0.1850;3.7200
Tikehau_2;10;1868;0.0400;0.1670;3.9800
Tikehau_2;10;1868;0.0582;0.1610;4.0700
Tikehau_2;10;1868;0.0805;0.1580;3.5400
Tikehau_2;10;1868;0.0913;0.2040;3.1400
Tikehau_2;10;1868;0.0304;0.1930;3.7000
Tikehau_2;10;1868;0.0555;0.1770;3.8500
Tikehau_2;10;1868;0.0699;0.1670;4.4400
Tikehau_2;10;1868;0.0913;0.1740;4.2500
Tikehau_2;10;1868;0.0789;0.1150;4.1500
Tikehau_2;10;1869;0.0989;0.2510;3.1200
Tikehau_2;10;1869;0.1040;0.2350;2.8600
Tikehau_2;10;1869;0.0582;0.3660;2.5000
Tikehau_2;10;1869;0.0902;0.1660;2.2900
Tikehau_2;10;1869;0.0601;0.1500;2.5300
Tikehau_2;10;1869;0.0912;0.3600;2.2800
Tikehau_2;10;1869;0.0754;0.2840;2.5500
Tikehau_2;10;1869;0.1170;0.2150;2.9200
Tikehau_2;10;1869;0.1050;0.3140;2.7300
Tikehau_2;10;1869;0.0880;0.2560;NA
Tikehau_2;10;1870;0.0987;0.1750;2.3800
Tikehau_2;10;1870;0.0565;0.2040;2.4300
Tikehau_2;10;1870;0.0600;0.0968;2.6600
Tikehau_2;10;1870;0.0632;0.1690;2.4000
Tikehau_2;10;1870;0.0645;0.1480;1.9300
Tikehau_2;10;1870;0.0440;0.1010;1.7600
Tikehau_2;10;1870;0.0561;0.2300;2.5100
Tikehau_2;10;1870;0.0659;0.1880;3.6400
Tikehau_2;10;1870;0.0360;0.1600;2.9900
Tikehau_2;10;1870;0.0600;0.2840;NA
Moorea_2;60;109;0.0520;0.1360;1.4700
Moorea_2;60;109;0.0520;0.1170;1.9300
Moorea_2;60;109;0.0480;0.0377;1.3900
Moorea_2;60;109;0.0379;0.1280;1.4700
Moorea_2;60;109;0.0440;0.1490;1.9100
Moorea_2;60;109;0.0520;0.0320;2.0000
Moorea_2;60;109;0.0520;0.0848;1.8900
Moorea_2;60;109;0.0764;0.2030;1.8600
Moorea_2;60;109;0.0283;0.1680;1.9500
Moorea_2;60;109;0.0721;0.0160;1.9500
Moorea_2;60;123;0.0360;0.0840;1.2800
Moorea_2;60;123;0.0408;0/0400;1.8000
Moorea_2;60;123;0.0605;0.0987;2.2600
Moorea_2;60;123;0.0400;0.1360;1.8600
Moorea_2;60;123;0.0330;0.1170;1.6000
Moorea_2;60;123;0.0240;0.1680;2.4500
Moorea_2;60;123;0.0400;0.0204;2.3400
Moorea_2;60;123;0.0402;0.1090;1.9900
Moorea_2;60;123;0.0280;0.1000;1.7300
Moorea_2;60;123;0.0320;0.0959;2.2900
Moorea_2;60;137;0.0240;0.1340;1.8600
Moorea_2;60;137;0.0240;0.1120;2.1400
Moorea_2;60;137;0.0280;0.0200;1.9700
Moorea_2;60;137;0.0379;0.0080;2.5500
Moorea_2;60;137;0.0322;0.0400;2.2000
Moorea_2;60;137;0.0322;0.0501;2.4000
Moorea_2;60;137;0.0360;0.0544;2.3700
Moorea_2;60;137;0.0240;0.0800;3.1500
Moorea_2;60;137;0.0400;0.0912;2.9100
Moorea_2;60;137;0.0291;0.0641;3.2300
Moorea_2;60;136;0.0359;0.0957;3.3400
Moorea_2;60;136;0.0329;0.0822;1.7600
Moorea_2;60;136;0.0519;0.0961;2.7500
Moorea_2;60;136;0.0439;0.1160;2.6100
Moorea_2;60;136;0.0393;0.0643;3.1500
Moorea_2;60;136;0.0439;0.1090;2.6600
Moorea_2;60;136;0.4390;0.1040;2.2100
Moorea_2;60;136;0.0519;0.0965;1.6400
Moorea_2;60;136;0.0361;0.1160;NA
Moorea_2;60;136;0.0378;0.1200;NA
Moorea_2;60;138;3.0393;0.0853;3.3800
Moorea_2;60;138;0.0465;0.0567;3.9800
Moorea_2;60;138;0.0243;0.1160;3.9700
Moorea_2;60;138;0.0619;0.0446;3.8900
Moorea_2;60;138;0.0439;0.0455;3.4700
Moorea_2;60;138;0.0598;0.0609;3.3200
Moorea_2;60;138;0.0838;0.0689;2.9000
Moorea_2;60;138;0.0393;0.0644;NA
Moorea_2;60;138;0.0525;0.0446;NA
Moorea_2;60;138;0.0446;0.0525;NA
Moorea_2;60;152;0.0359;0.0697;1.4000
Moorea_2;60;152;0.0446;0.0446;1.8800
Moorea_2;60;152;0.0619;0.0965;1.7600
Moorea_2;60;152;0.0399;0.0971;2.1700
Moorea_2;60;152;0.0604;0.1200;2.2600
Moorea_2;60;152;0.0560;0.0479;2.2100
Moorea_2;60;152;0.0525;0.0199;2.2000
Moorea_2;60;152;0.0479;0.0080;2.4400
Moorea_2;60;152;0.0359;0.1940;2.6500
Moorea_2;60;152;0.0446;0.0722;2.3400
Tikehau_2;60;1845;0.0558;0.0689;2.4300
Tikehau_2;60;1845;0.0604;0.1220;2.1700
Tikehau_2;60;1845;0.0697;0.0957;2.5000
Tikehau_2;60;1845;0.0525;0.0808;2.3000
Tikehau_2;60;1845;0.0680;0.1480;2.2400
Tikehau_2;60;1845;0.0439;0.1050;2.2300
Tikehau_2;60;1845;0.0581;0.1240;2.7100
Tikehau_2;60;1845;0.0431;0.0678;NA
Tikehau_2;60;1845;0.5000;0.1040;NA
Tikehau_2;60;1845;0.0519;0.0683;NA
Tikehau_2;60;1846;0.0479;0.0558;1.0700
Tikehau_2;60;1846;0.0441;0.0921;1.2000
Tikehau_2;60;1846;0.0439;0.0535;1.3800
Tikehau_2;60;1846;0.0439;0.0282;1.3100
Tikehau_2;60;1846;0.0401;0.0683;1.3000
Tikehau_2;60;1846;0.0368;0.1810;1.6400
Tikehau_2;60;1846;0.0407;0.0683;1.7600
Tikehau_2;60;1846;0.0640;0.1390;1.6400
Tikehau_2;60;1846;0.0736;0.0329;1.7300
Tikehau_2;60;1846;0.0407;0.1450;1.8300
Tikehau_2;60;1847;0.0480;0.2280;2.2800
Tikehau_2;60;1847;0.0520;0.1490;2.9200
Tikehau_2;60;1847;0.0521;0.1540;2.6800
Tikehau_2;60;1847;0.0640;0.1180;3.2700
Tikehau_2;60;1847;0.0769;0.1840;2.7300
Tikehau_2;60;1847;0.0645;0.1810;2.6800
Tikehau_2;60;1847;0.0600;0.1360;2.8400
Tikehau_2;60;1847;0.0481;0.2070;2.4100
Tikehau_2;60;1847;0.0520;0.1890;2.6100
Tikehau_2;60;1847;0.0360;0.1470;2.9900
Tikehau_2;60;1848;0.0680;0.1910;2.4500
Tikehau_2;60;1848;0.0520;0.0974;2.0300
Tikehau_2;60;1848;0.0640;0.1170;2.2400
Tikehau_2;60;1848;0.0601;0.1120;2.4100
Tikehau_2;60;1848;0.0560;0.1630;2.4500
Tikehau_2;60;1848;0.0641;0.0927;2.1200
Tikehau_2;60;1848;0.0560;0.1950;2.1500
Tikehau_2;60;1848;0.0440;0.2130;1.7900
Tikehau_2;60;1848;0.0601;0.2200;1.5800
Tikehau_2;60;1848;0.0561;0.1610;1.5700
Tikehau_2;60;1849;0.0520;0.0800;2.9600
Tikehau_2;60;1849;0.0362;0.1050;2.9100
Tikehau_2;60;1849;0.0533;0.1830;2.3100
Tikehau_2;60;1849;0.0520;0.1310;1.8700
Tikehau_2;60;1849;0.0656;0.0894;1.5400
Tikehau_2;60;1849;0.0526;0.0963;1.9400
Tikehau_2;60;1849;0.0521;0.0730;1.7300
Tikehau_2;60;1849;0.0486;0.1830;1.3500
Tikehau_2;60;1849;0.0520;0.1230;1.1600
Tikehau_2;60;1849;0.0394;0.1770;NA
Tikehau_2;60;1850;0.0572;0.1320;1.9800
Tikehau_2;60;1850;0.0612;0.1820;2.1400
Tikehau_2;60;1850;0.0641;0.2200;2.0400
Tikehau_2;60;1850;0.0747;0.1640;1.9100
Tikehau_2;60;1850;0.0651;0.1950;1.6400
Tikehau_2;60;1850;0.0520;0.1250;1.9100
Tikehau_2;60;1850;0.0520;0.0880;1.7500
Tikehau_2;60;1850;0.0561;0.2020;2.1000
Tikehau_2;60;1850;0.0440;0.2400;2.1100
Tikehau_2;60;1850;0.0565;0.2460;1.9100
Tikehau_2;60;1851;0.0594;0.1120;2.2200
Tikehau_2;60;1851;0.0776;0.0360;1.9900
Tikehau_2;60;1851;0.0560;0.1970;2.3300
Tikehau_2;60;1851;0.0495;0.1080;2.7500
Tikehau_2;60;1851;0.0659;0.1030;2.1100
Tikehau_2;60;1851;0.0400;0.0797;1.5000
Tikehau_2;60;1851;0.0501;0.0283;1.6000
Tikehau_2;60;1851;0.0360;0.1620;2.2200
Tikehau_2;60;1851;0.0322;0.1410;NA
Tikehau_2;60;1851;0.0680;0.1090;NA
Bora_2;60;1027;0.0378;0.2270;3.1000
Bora_2;60;1027;0.0486;0.2270;3.1800
Bora_2;60;1027;0.0408;0.0402;1.3700
Bora_2;60;1027;0.0520;0.1520;2.2800
Bora_2;60;1027;0.0560;0.1440;2.5400
Bora_2;60;1027;0.0369;0.0843;2.2600
Bora_2;60;1027;0.0486;0.0520;2.9000
Bora_2;60;1027;0.0486;0.0590;4.8900
Bora_2;60;1027;0/0562;0.1270;4.5200
Bora_2;60;1027;0.0520;0.1520;NA
Bora_2;60;1028;0.0402;0.0240;1.9500
Bora_2;60;1028;0.0684;0/08;2.4600
Bora_2;60;1028;0.0360;0.0987;2.3300
Bora_2;60;1028;0.0400;0.1760;2.3600
Bora_2;60;1028;0.0369;0.1430;2.5300
Bora_2;60;1028;0.0360;0.1570;2.3800
Bora_2;60;1028;0.0440;0.1570;2.0700
Bora_2;60;1028;0.0360;0.0888;2.0500
Bora_2;60;1028;0.0480;0.1040;NA
Bora_2;60;1028;0.0362;0.1980;NA
Bora_2;60;1029;0.0233;0.0681;1.5500
Bora_2;60;1029;0.0425;0.1480;2.4500
Bora_2;60;1029;0.0408;0.1640;1.7600
Bora_2;60;1029;0.0481;0.1740;2.1600
Bora_2;60;1029;0.0480;0.2750;1.9800
Bora_2;60;1029;0.0843;0.1840;2.9600
Bora_2;60;1029;0.0560;0.2280;1.5700
Bora_2;60;1029;0.0684;0.1510;NA
Bora_2;60;1029;0.0590;0.1350;NA
Bora_2;60;1029;0.0360;0.1650;NA
Bora_2;60;1030;0.0520;0.0913;2.7000
Bora_2;60;1030;0.0594;0.1760;2.4800
Bora_2;60;1030;0.0495;0.1560;3.0500
Bora_2;60;1030;0.0720;0.1520;1.8200
Bora_2;60;1030;0.0651;0.1630;2.1800
Bora_2;60;1030;0.0641;0.2230;2.4000
Bora_2;60;1030;0.0520;0.0999;2.7200
Bora_2;60;1030;0.0721;0.0120;NA
Bora_2;60;1030;0.0600;0.0841;NA
Bora_2;60;1030;0.0520;0.1440;NA
Bora_2;60;1033;0.0360;0.1050;2.8000
Bora_2;60;1033;0.0640;0.2150;2.6200
Bora_2;60;1033;0.0360;0.1880;3.3200
Bora_2;60;1033;0.0362;0.0785;3.7700
Bora_2;60;1033;0.0481;0.2330;3.4200
Bora_2;60;1033;0.0681;0.0888;2.2100
Bora_2;60;1033;0.0280;0.1920;3.5900
Bora_2;60;1033;0.0360;0.2240;2.7300
Bora_2;60;1033;0.0481;0.1090;2.7700
Bora_2;60;1033;0.0369;0.1080;3.5900
Bora_2;60;1031;0.0440;0.0609;3.3500
Bora_2;60;1031;0.0651;0.1740;3.5700
Bora_2;60;1031;0.0526;0.1250;2.7700
Bora_2;60;1031;0.0360;0.2220;3.4300
Bora_2;60;1031;0.0521;0.1280;2.7000
Bora_2;60;1031;0.0721;0.1780;3.3300
Bora_2;60;1031;0.0600;0.1240;2.6400
Bora_2;60;1031;0.0561;0.0735;3.3200
Bora_2;60;1031;0.0440;0.0769;2.6700
Bora_2;60;1031;0.0560;0.1720;NA
Bora_2;60;1032;0.0521;0.0841;3.0000
Bora_2;60;1032;0.0320;0.1160;3.1800
Bora_2;60;1032;0.0480;0.1680;3.9900
Bora_2;60;1032;0.0369;0.1240;4.0100
Bora_2;60;1032;0.0480;0.0600;3.8000
Bora_2;60;1032;0.0480;0.1290;3.3500
Bora_2;60;1032;0.0521;0.0966;3.3000
Bora_2;60;1032;0.0402;0.0840;3.0800
Bora_2;60;1032;0.0362;0.1040;2.5000
Bora_2;60;1032;0.0481;0.1360;NA
Moorea_2;77;94;0.0240;0.2340;1.2100
Moorea_2;77;94;0.0215;0.1050;1.8300
Moorea_2;77;94;0.0200;0.8010;1.4000
Moorea_2;77;94;0.0200;0.2120;1.4900
Moorea_2;77;94;0.0204;0.0983;1.5700
Moorea_2;77;94;0.0204;0.0769;0.8520
Moorea_2;77;94;0.0243;0.1120;1.1800
Moorea_2;77;94;0.0240;0.0824;1.1300
Moorea_2;77;94;0.0291;0.0646;1.5000
Moorea_2;77;94;0.0280;0.0400;NA
Moorea_2;72;201;0.0360;0.1240;1.8200
Moorea_2;72;201;0.0495;0.1400;2.4100
Moorea_2;72;201;0.0358;0.1360;3.7000
Moorea_2;72;201;0.0533;0.2240;3.1700
Moorea_2;72;201;0.0322;0.0999;4.4400
Moorea_2;72;201;0.0291;0.2240;3.2400
Moorea_2;72;201;0.0362;0.0941;3.9000
Moorea_2;72;201;0.0291;0.0848;3.9300
Moorea_2;72;201;0.0442;0.2230;NA
Moorea_2;72;201;0.0842;0.1410;NA
Moorea_2;72;202;0.0320;0.1050;2.1500
Moorea_2;72;202;0.0330;0.1050;2.0700
Moorea_2;72;202;0.0243;0.1950;1.6900
Moorea_2;72;202;0.0394;0.0840;1.5400
Moorea_2;72;202;0.0369;0.1780;1.8200
Moorea_2;72;202;0.0204;0.1680;1.7000
Moorea_2;72;202;0.0280;0.0440;0.8600
Moorea_2;72;202;0.0240;0.0820;1.7700
Moorea_2;72;202;0.0280;0.1640;1.6700
Moorea_2;72;202;0.0320;0.1640;NA
Moorea_2;72;203;0.0721;0.0400;2.7400
Moorea_2;72;203;0.0495;0.1320;2.5800
Moorea_2;72;203;0.0362;0.1570;2.6600
Moorea_2;72;203;0.0521;0.0815;3.2100
Moorea_2;72;203;0.0320;0.1710;2.1000
Moorea_2;72;203;0.0342;0.1520;2.8100
Moorea_2;72;203;0.0402;0.1960;2.3700
Moorea_2;72;203;0.0379;0.0622;NA
Moorea_2;72;203;0.0243;0.0863;NA
Moorea_2;72;203;0.0320;0.1820;NA
Tikehau_2;20;1827;0.0425;0.2260;1.0700
Tikehau_2;20;1827;0.0488;0.1430;1.5200
Tikehau_2;20;1827;0.0322;0.1820;1.5900
Tikehau_2;20;1827;0.0369;0.2440;1.5700
Tikehau_2;20;1827;0.0312;0.1680;1.5100
Tikehau_2;20;1827;0.0369;0.2080;1.5600
Tikehau_2;20;1827;0.0330;0.0720;1.6500
Tikehau_2;20;1827;0.0344;0.1360;1.9300
Tikehau_2;20;1827;0.0320;0.2510;1.7900
Tikehau_2;20;1827;0.0572;0.1550;2.1100
Tikehau_2;20;1828;0.0482;0.3540;2.1700
Tikehau_2;20;1828;0.0883;0.0918;2.4100
Tikehau_2;20;1828;0.0543;0.0964;1.9300
Tikehau_2;20;1828;0.0519;0.1160;2.4800
Tikehau_2;20;1828;0.0571;0.2470;2.4100
Tikehau_2;20;1828;0.0480;0.2110;2.0900
Tikehau_2;20;1828;0.0560;0.1010;1.5500
Tikehau_2;20;1828;0.0682;0.1990;1.7000
Tikehau_2;20;1828;0.0733;0.2110;2.3600
Tikehau_2;20;1828;0.0558;0.2230;2.3800
Tikehau_2;20;1834;0.0581;0.1370;1.3800
Tikehau_2;20;1834;0.0532;0.1580;1.4700
Tikehau_2;20;1834;0.0608;0.1160;1.5200
Tikehau_2;20;1834;0.0649;0.1760;1.7300
Tikehau_2;20;1834;0.0525;0.1830;1.3900
Tikehau_2;20;1834;0.0846;0.2550;1.6500
Tikehau_2;20;1834;0.0758;0.2860;1.5700
Tikehau_2;20;1834;0.0593;0.1400;1.7000
Tikehau_2;20;1834;0.0649;0.3140;NA
Tikehau_2;20;1834;0.0842;0.3710;NA
Tikehau_2;20;1831;0.0598;0.0998;3.2000
Tikehau_2;20;1831;0.0480;0.1840;3.7900
Tikehau_2;20;1831;0.0290;0.2440;3.9700
Tikehau_2;20;1831;0.0411;0.3510;4.4600
Tikehau_2;20;1831;0.0361;0.1040;4.6100
Tikehau_2;20;1831;0.0399;0.1190;4.3000
Tikehau_2;20;1831;0.0357;0.2080;4.4000
Tikehau_2;20;1831;0.0407;0.1610;4.2200
Tikehau_2;20;1831;0.0399;0.1120;4.1400
Tikehau_2;20;1831;0.0279;0.2420;4.2800
Tikehau_2;20;1830;0.0399;0.1090;3.3100
Tikehau_2;20;1830;0.0319;0.1280;3.8200
Tikehau_2;20;1830;0.0439;0.2410;2.7500
Tikehau_2;20;1830;0.0399;0.2120;2.9000
Tikehau_2;20;1830;0.0368;0.1670;3.0000
Tikehau_2;20;1830;0.0329;0.2350;2.8400
Tikehau_2;20;1830;0.0359;0.2440;2.1100
Tikehau_2;20;1830;0.0519;0.2050;2.3200
Tikehau_2;20;1830;0.0319;0.1610;2.3500
Tikehau_2;20;1830;0.0399;0.0863;2.9200
Tikehau_2;20;1832;0.0399;0.0758;2.7500
Tikehau_2;20;1832;0.0446;0.1120;3.2600
Tikehau_2;20;1832;0.0649;0.0525;2.7100
Tikehau_2;20;1832;0.0719;0.1040;2.6100
Tikehau_2;20;1832;0.0638;0.1360;2.9700
Tikehau_2;20;1832;0.0401;0.0838;2.0300
Tikehau_2;20;1832;0.0505;0.1210;2.4900
Tikehau_2;20;1832;0.0519;0.1130;3.0300
Tikehau_2;20;1832;0.0378;0.1360;2.9300
Tikehau_2;20;1832;0.0554;0.0896;2.9700
Tikehau_2;20;1833;0.0479;0.1730;2.7800
Tikehau_2;20;1833;0.0319;0.1530;2.7100
Tikehau_2;20;1833;0.0446;0.1280;2.7000
Tikehau_2;20;1833;0.0368;0.1290;2.6800
Tikehau_2;20;1833;0.0519;0.1550;2.5200
Tikehau_2;20;1833;0.0319;0.1560;2.5900
Tikehau_2;20;1833;0.0359;0.1930;2.7400
Tikehau_2;20;1833;0.0401;0.1540;2.4300
Tikehau_2;20;1833;0.0505;0.0853;1.8200
Tikehau_2;20;1833;0.0319;0.1680;1.9300
Tikehau_2;40;1737;0.0520;0.2460;1.5600
Tikehau_2;40;1737;0.0402;0.0624;1.9700
Tikehau_2;40;1737;0.0320;0.0680;1.9700
Tikehau_2;40;1737;0.0322;0.2080;2.1500
Tikehau_2;40;1737;0.0468;0.2570;1.9400
Tikehau_2;40;1737;0.0400;0.0769;2.0500
Tikehau_2;40;1737;0.0440;0.1760;NA
Tikehau_2;40;1737;0.0283;0.1240;NA
Tikehau_2;40;1737;0.0320;0.1690;NA
Tikehau_2;40;1737;0.0240;0.1580;NA
Tikehau_2;40;1738;0.0610;0.1980;2.5100
Tikehau_2;40;1738;0.0330;0.1320;2.4500
Tikehau_2;40;1738;0.0402;0.1900;2.1100
Tikehau_2;40;1738;0.0440;0.2530;2.5700
Tikehau_2;40;1738;0.0431;0.1970;2.8000
Tikehau_2;40;1738;0.0330;0.1880;2.7800
Tikehau_2;40;1738;0.0369;0.1740;2.5800
Tikehau_2;40;1738;0.0362;0.2010;NA
Tikehau_2;40;1738;0.0480;0.1280;NA
Tikehau_2;40;1738;0.0506;0.0760;NA
Tikehau_2;40;1739;0.0744;2.1100;0.4900
Tikehau_2;40;1739;0.1010;0.1600;1.3700
Tikehau_2;40;1739;0.0680;0.1280;1.4100
Tikehau_2;40;1739;0.0577;0.1680;1.4900
Tikehau_2;40;1739;0.0894;0.1320;1.8600
Tikehau_2;40;1739;0.0610;0.0605;1.4100
Tikehau_2;40;1739;0.0544;0.1690;1.4800
Tikehau_2;40;1739;0.0408;0.2110;1.4600
Tikehau_2;40;1739;0.0600;0.2800;1.5800
Tikehau_2;40;1739;0.0724;0.0797;1.5400
Tikehau_2;40;1740;0.0280;0.1440;2.5700
Tikehau_2;40;1740;0.0468;0.1120;1.9700
Tikehau_2;40;1740;0.0417;0.1040;2.3300
Tikehau_2;40;1740;0.0481;0.0761;2.1800
Tikehau_2;40;1740;0.0280;0.2200;1.9200
Tikehau_2;40;1740;0.0440;0.1680;1.0600
Tikehau_2;40;1740;0.0283;0.1520;1.6100
Tikehau_2;40;1740;0.0447;0.1970;1.8100
Tikehau_2;40;1740;0.0624;0.1280;NA
Tikehau_2;40;1740;0.0480;0.1360;NA
Tikehau_2;40;1761;0.0408;0.1550;2.2400
Tikehau_2;40;1761;0.0605;0.1760;2.4300
Tikehau_2;40;1761;0.0291;0.0999;1.9700
Tikehau_2;40;1761;0.0344;0.1020;1.8400
Tikehau_2;40;1761;0.0480;0.1830;1.7800
Tikehau_2;40;1761;0.0280;0.1180;1.7400
Tikehau_2;40;1761;0.0565;0.1970;1.4400
Tikehau_2;40;1761;0.0468;0.1620;NA
Tikehau_2;40;1761;0.0526;0.1510;NA
Tikehau_2;40;1761;0.0480;0.0980;NA
Tikehau_2;40;1742;0.0651;0.0612;2.4700
Tikehau_2;40;1742;0.0362;0.0885;2.7500
Tikehau_2;40;1742;0.0959;0.1000;3.0500
Tikehau_2;40;1742;0.0526;0.0912;3.3600
Tikehau_2;40;1742;0.0422;0.0512;2.6400
Tikehau_2;40;1742;0.0533;0.1730;2.6100
Tikehau_2;40;1742;0.0612;0.0959;2.9700
Tikehau_2;40;1742;0.0941;0.2880;2.6700
Tikehau_2;40;1742;0.0963;0.1760;2.5700
Tikehau_2;40;1742;0.0769;0.0605;NA
Tikehau_2;40;1743;0.0520;0.1530;2.9600
Tikehau_2;40;1743;0.0447;0.2440;2.4500
Tikehau_2;40;1743;0.0379;0.1800;1.9900
Tikehau_2;40;1743;0.0377;0.2850;2.1500
Tikehau_2;40;1743;0.0447;0.1990;1.8100
Tikehau_2;40;1743;0.0360;0.1370;1.9400
Tikehau_2;40;1743;0.0468;0.2040;1.6200
Tikehau_2;40;1743;0.0520;0.1850;1.5100
Tikehau_2;40;1743;0.0612;0.0520;NA
Tikehau_2;40;1743;0.0442;0.1650;NA
Moorea_2;40;126;0.0204;0.2150;3.3200
Moorea_2;40;126;0.0291;0.1010;3.5800
Moorea_2;40;126;0.0320;0.0632;2.9100
Moorea_2;40;126;0.0215;0.1180;3.1800
Moorea_2;40;126;0.0240;0.1510;3.3700
Moorea_2;40;126;0.0215;0.0684;3.4800
Moorea_2;40;126;0.0283;0.1170;3.6900
Moorea_2;40;126;0.0160;0.0632;3.1300
Moorea_2;40;126;0.0240;0.1720;2.4000
Moorea_2;40;126;0.0240;0.1650;2.4500
Moorea_2;40;182;0.0480;0.1280;1.3000
Moorea_2;40;182;0.0408;0.1600;2.4900
Moorea_2;40;182;0.0417;0.1250;3.1800
Moorea_2;40;182;0.0342;0.2020;3.4100
Moorea_2;40;182;0.0506;0.2080;3.6200
Moorea_2;40;182;0.0400;0.1410;3.0300
Moorea_2;40;182;0.0412;0.2150;3.7200
Moorea_2;40;182;0.0280;0.1340;3.5600
Moorea_2;40;182;0.0280;0.1250;3.7000
Moorea_2;40;182;0.0362;0.1960;NA
Moorea_2;40;183;0.0256;0.1530;2.1000
Moorea_2;40;183;0.0280;0.1240;2.3100
Moorea_2;40;183;0.0268;0.2150;2.8100
Moorea_2;40;183;0.0288;0.1100;3.0500
Moorea_2;40;183;0.0330;0.1110;2.3000
Moorea_2;40;183;0.0322;0.1780;2.4800
Moorea_2;40;183;0.0243;0.1710;2.2600
Moorea_2;40;183;0.0240;0.0544;3.0100
Moorea_2;40;183;0.0283;0.1380;2.5200
Moorea_2;40;183;0.0533;0.1560;2.1900
Moorea_2;40;215;0.0160;0.2530;2.0200
Moorea_2;40;215;0.0322;0.1860;1.8000
Moorea_2;40;215;0.0240;0.2110;1.6900
Moorea_2;40;215;0.0432;0.1830;2.2900
Moorea_2;40;215;0.0268;0.2320;1.1200
Moorea_2;40;215;0.0600;0.1510;2.1900
Moorea_2;40;215;0.0283;0.1920;2.9100
Moorea_2;40;215;0.0240;0.2410;NA
Moorea_2;40;215;0.0320;0.1690;NA
Moorea_2;40;215;0.0342;0.2570;NA
Moorea_2;40;216;0.0320;0.1640;1.8000
Moorea_2;40;216;0.0200;0.1160;2.3300
Moorea_2;40;216;0.0283;0.1120;2.9100
Moorea_2;40;216;0.0253;0.1050;2.8300
Moorea_2;40;216;0.0240;0.2270;2.2800
Moorea_2;40;216;0.0330;0.1400;2.3100
Moorea_2;40;216;0.0425;0.1570;2.0100
Moorea_2;40;216;0.0605;0.2220;2.9000
Moorea_2;40;216;0.0362;0.1620;NA
Moorea_2;40;216;0.0253;0.1560;NA
Moorea_2;40;217;0.0362;0.0920;4.3300
Moorea_2;40;217;0.0320;0.1240;4.5400
Moorea_2;40;217;0.0280;0.2200;3.9800
Moorea_2;40;217;0.0204;0.0565;2.6100
Moorea_2;40;217;0.0360;0.1640;1.9600
Moorea_2;40;217;0.0447;0.2050;2.5800
Moorea_2;40;217;0.0360;0.1220;NA
Moorea_2;40;217;0.0330;0.2210;NA
Moorea_2;40;217;0.0480;0.1200;NA
Moorea_2;40;217;0.0362;0.1830;NA
Moorea_2;90;96;0.0080;0.0883;1.0600
Moorea_2;90;96;0.0200;0.1010;0.9570
Moorea_2;90;96;0.0080;0.0605;1.1000
Moorea_2;90;96;0.0165;0.0520;0.9750
Moorea_2;90;96;0.0160;0.0402;1.1300
Moorea_2;90;96;0.0160;0.1050;1.2500
Moorea_2;90;96;0.0160;0.1900;1.2300
Moorea_2;90;96;0.0200;0.2000;1.0800
Moorea_2;90;96;0.0126;0.0501;0.9320
Moorea_2;90;96;0.0160;0.0481;NA
Moorea_2;90;93;0.0360;0.0626;1.1200
Moorea_2;90;93;0.0417;0.0456;1.2600
Moorea_2;90;93;0.0322;0.0640;1.3500
Moorea_2;90;93;0.0304;0.0641;1.3000
Moorea_2;90;93;0.0322;0.1250;1.1700
Moorea_2;90;93;0.0204;0.1360;0.6140
Moorea_2;90;93;0.0126;0.1300;0.9510
Moorea_2;90;93;0.0165;0.1020;1.2300
Moorea_2;90;93;0.0226;0.1180;0.9990
Moorea_2;90;93;0.0256;0.0440;NA
Rangiroa_3;40;2473;0.0360;0.1240;2.1000
Rangiroa_3;40;2473;0.0330;0.1980;2.3700
Rangiroa_3;40;2473;0.0447;0.1710;2.5500
Rangiroa_3;40;2473;0.0369;0.1560;2.5300
Rangiroa_3;40;2473;0.0481;0.1480;2.4300
Rangiroa_3;40;2473;0.0377;0.0902;2.4300
Rangiroa_3;40;2473;0.0533;0.1440;2.6500
Rangiroa_3;40;2473;0.0268;0.2050;2.5100
Rangiroa_3;40;2473;0.0342;0.1670;2.8100
Rangiroa_3;40;2473;0.0402;0.1280;3.2200
Rangiroa_3;40;2474;0.1040;0.2400;2.4200
Rangiroa_3;40;2474;0.1080;0.2010;2.6900
Rangiroa_3;40;2474;0.1430;0.4210;2.2500
Rangiroa_3;40;2474;0.0933;0.3280;1.9400
Rangiroa_3;40;2474;0.1080;0.3050;1.7700
Rangiroa_3;40;2474;0.1150;0.2670;1.7200
Rangiroa_3;40;2474;0.1080;0.3290;1.7600
Rangiroa_3;40;2474;0.1270;0.3020;0.9930
Rangiroa_3;40;2474;0.1040;0.2070;1.4600
Rangiroa_3;40;2474;0.1080;0.2450;1.1400
Rangiroa_3;40;2475;0.0612;0.1730;2.6600
Rangiroa_3;40;2475;0.0456;0.0769;3.4800
Rangiroa_3;40;2475;0.0600;0.1160;3.4200
Rangiroa_3;40;2475;0.1030;0.0873;3.3200
Rangiroa_3;40;2475;0.0601;0.1080;3.3700
Rangiroa_3;40;2475;0.0481;0.1870;3.1100
Rangiroa_3;40;2475;0.0730;0.2920;3.2600
Rangiroa_3;40;2475;0.0776;0.1940;3.0100
Rangiroa_3;40;2475;0.0855;0.2390;3.1500
Rangiroa_3;40;2475;0.1390;0.1760;3.2300
Rangiroa_3;40;2476;0.0526;0.1760;2.1800
Rangiroa_3;40;2476;0.0360;0.1440;2.6800
Rangiroa_3;40;2476;0.0200;0.1120;2.6400
Rangiroa_3;40;2476;0.0240;0.1560;2.7700
Rangiroa_3;40;2476;0.0362;0.1460;2.4700
Rangiroa_3;40;2476;0.0283;0.2250;2.4300
Rangiroa_3;40;2476;0.0240;0.2610;3.0100
Rangiroa_3;40;2476;0.0283;0.2800;2.9200
Rangiroa_3;40;2476;0.0291;0.1450;2.9000
Rangiroa_3;40;2476;0.0320;0.1000;2.7000
Rangiroa_3;40;2477;0.0572;0.1440;1.5200
Rangiroa_3;40;2477;0.0369;0.1670;1.4800
Rangiroa_3;40;2477;0.0913;0.1480;1.6900
Rangiroa_3;40;2477;0.0605;0.1610;2.1000
Rangiroa_3;40;2477;0.0480;0.1680;2.2000
Rangiroa_3;40;2477;0.0339;0.2610;2.2300
Rangiroa_3;40;2477;0.0322;0.1380;1.9000
Rangiroa_3;40;2477;0.0322;0.2050;1.9500
Rangiroa_3;40;2477;0.0200;0.2270;2.2200
Rangiroa_3;40;2477;0.0320;0.1090;2.2300
Rangiroa_3;40;2478;0.0360;0.2180;3.2500
Rangiroa_3;40;2478;0.0572;0.2480;3.0100
Rangiroa_3;40;2478;0.0670;0.2040;2.5200
Rangiroa_3;40;2478;0.0402;0.3280;2.4300
Rangiroa_3;40;2478;0.0396;0.1560;2.2600
Rangiroa_3;40;2478;0.0312;0.1200;3.2000
Rangiroa_3;40;2478;0.0342;0.1040;3.4900
Rangiroa_3;40;2478;0.0431;0.1990;3.3100
Rangiroa_3;40;2478;0.0291;0.0600;2.7300
Rangiroa_3;40;2478;0.0283;0.2530;NA
Rangiroa_3;40;2479;0.1110;0.1160;2.0600
Rangiroa_3;40;2479;0.1290;0.2320;2.1300
Rangiroa_3;40;2479;0.1120;0.1840;3.1800
Rangiroa_3;40;2479;0.0761;0.3280;2.9100
Rangiroa_3;40;2479;0.1300;0.2080;3.3300
Rangiroa_3;40;2479;0.0601;0.1620;2.7900
Rangiroa_3;40;2479;0.0913;0.3200;3.2200
Rangiroa_3;40;2479;0.1120;0.1160;2.9500
Rangiroa_3;40;2479;0.1240;0.1400;3.0900
Rangiroa_3;40;2479;0.0641;0.2830;3.1200
Bora_2;90;915;0.0200;0.0804;1.1500
Bora_2;90;915;0.0268;0.0805;1.3100
Bora_2;90;915;0.0040;0.0486;1.5800
Bora_2;90;915;0.0304;0.1090;2.1300
Bora_2;90;915;0.0240;0.0759;1.7400
Bora_2;90;915;0.0304;0.1320;1.8500
Bora_2;90;915;0.0283;0.0785;NA
Bora_2;90;915;0.0160;0.1400;NA
Bora_2;90;915;0.0312;0.0761;NA
Bora_2;90;915;0.0377;0.0536;NA
Bora_2;90;918;0.0256;0.1130;0.8370
Bora_2;90;918;0.0288;0.1320;0.8300
Bora_2;90;918;0.0358;0.1760;1.0400
Bora_2;90;918;0.0165;0.1580;0.8620
Bora_2;90;918;0.0253;0.1290;0.8980
Bora_2;90;918;0.0283;0.1480;0.6970
Bora_2;90;918;0.0360;0.1330;0.6860
Bora_2;90;918;0.0283;0.0400;0.8470
Bora_2;90;918;0.0360;0.0322;1.4400
Bora_2;90;918;0.0377;0.1470;1.3300
Bora_2;90;916;0.0330;0.1240;2.0400
Bora_2;90;916;0.0362;0.1110;2.3700
Bora_2;90;916;0.0283;0.1360;2.3600
Bora_2;90;916;0.0215;0.1400;1.4000
Bora_2;90;916;0.0283;0.0681;1.4100
Bora_2;90;916;0.0304;0.1130;1.2200
Bora_2;90;916;0.0377;0.0640;0.9920
Bora_2;90;916;0.0240;0.0772;NA
Bora_2;90;916;0.0243;0.0560;NA
Bora_2;90;916;0.0360;0.0684;NA
Bora_2;90;917;0.0344;0.1540;2.5300
Bora_2;90;917;0.0330;0.1180;1.6200
Bora_2;90;917;0.0555;0.0841;2.1800
Bora_2;90;917;0.0243;0.1200;2.6500
Bora_2;90;917;0.0501;0.1280;2.0500
Bora_2;90;917;0.0268;0.0521;1.6200
Bora_2;90;917;0.0280;0.0930;1.8700
Bora_2;90;917;0.0432;0.0848;1.6500
Bora_2;90;917;0.0322;0.1680;2.0400
Bora_2;90;917;0.0447;0.1200;2.2200
Bora_2;90;914;0.0412;0.0520;2.1200
Bora_2;90;914;0.0362;0.1480;1.9400
Bora_2;90;914;0.0312;0.1280;1.8700
Bora_2;90;914;0.0466;0.1400;2.0400
Bora_2;90;914;0.0369;0.0769;1.7700
Bora_2;90;914;0.0200;0.0759;2.0000
Bora_2;90;914;0.0204;0.0560;1.8700
Bora_2;90;914;0.0283;0.2120;2.3800
Bora_2;90;914;0.0283;0.0339;1.8400
Bora_2;90;914;0.0233;0.0320;2.0200
Bora_2;90;913;0.0322;0.0950;2.2000
Bora_2;90;913;0.0280;0.0538;2.1300
Bora_2;90;913;0.0243;0.0466;1.8200
Bora_2;90;913;0.0360;0.1420;1.8600
Bora_2;90;913;0.0304;0.0680;1.4700
Bora_2;90;913;0.0160;0.1450;1.5800
Bora_2;90;913;0.0447;0.0456;1.3100
Bora_2;90;913;0.0369;0.0880;1.1500
Bora_2;90;913;0.0358;0.1380;0.9250
Bora_2;90;913;0.0330;0.1190;0.8280
Bora_2;90;912;0.0291;0.1680;1.6000
Bora_2;90;912;0.0240;0.1920;1.3300
Bora_2;90;912;0.0240;0.1570;1.8000
Bora_2;90;912;0.0253;0.1600;1.1900
Bora_2;90;912;0.0204;0.1080;1.1500
Bora_2;90;912;0.0170;0.0759;0.8570
Bora_2;90;912;0.0200;0.0536;0.9460
Bora_2;90;912;0.0233;0.0582;1.2800
Bora_2;90;912;0.0179;0.0360;1.5900
Bora_2;90;912;0.0268;0.1210;NA
Bora_2;90;911;0.0431;0.0483;1.0700
Bora_2;90;911;0.0520;0.1170;1.3900
Bora_2;90;911;0.0283;0.2130;1.2000
Bora_2;90;911;0.0240;0.1930;0.8100
Bora_2;90;911;0.0304;0.1650;1.0200
Bora_2;90;911;0.0466;0.1200;1.2800
Bora_2;90;911;0.0486;0.2630;1.5700
Bora_2;90;911;0.0304;0.1780;1.4600
Bora_2;90;911;0.0377;0.1550;1.5000
Bora_2;90;911;0.0342;0.2810;1.7300
Bora_2;90;910;0.0330;0.0560;1.3900
Bora_2;90;910;0.0243;0.1560;1.7700
Bora_2;90;910;0.0379;0.1290;1.7800
Bora_2;90;910;0.0200;0.1200;1.9300
Bora_2;90;910;0.0358;0.1221;1.9500
Bora_2;90;910;0.0280;0.2530;0.8260
Bora_2;90;910;0.0402;0.1320;1.4700
Bora_2;90;910;0.0412;0.1580;1.0800
Bora_2;90;910;0.0320;0.0950;1.6400
Bora_2;90;910;0.0312;0.7610;NA
Bora_2;90;909;0.0215;0.1270;1.2100
Bora_2;90;909;0.0280;0.0920;1.5500
Bora_2;90;909;0.0204;0.0989;1.3200
Bora_2;90;909;0.0204;0.1610;1.4200
Bora_2;90;909;0.0200;0.2360;1.7400
Bora_2;90;909;0.0280;0.1280;0.7380
Bora_2;90;909;0.0440;0.2030;1.1400
Bora_2;90;909;0.0408;0.1290;0.8070
Bora_2;90;909;0.0280;0.0721;NA
Bora_2;90;909;0.0165;0.0622;NA
Rangiroa_3;90;2570;0.0291;0.9230;1.6900
Rangiroa_3;90;2570;0.0243;0.1890;1.3000
Rangiroa_3;90;2570;0.0501;0.1840;1.3800
Rangiroa_3;90;2570;0.0362;0.2280;1.5800
Rangiroa_3;90;2570;0.0460;0.1760;1.7800
Rangiroa_3;90;2570;0.0369;0.1580;0.9790
Rangiroa_3;90;2570;0.0304;0.1880;1.1200
Rangiroa_3;90;2570;0.0170;0.2240;1.2400
Rangiroa_3;90;2570;0.0243;0.1630;1.0300
Rangiroa_3;90;2570;0.0243;0.0512;1.3400
Rangiroa_3;90;2571;0.0898;0.1090;1.5000
Rangiroa_3;90;2571;0.0400;0.1760;2.2800
Rangiroa_3;90;2571;0.0440;0.0809;1.8500
Rangiroa_3;90;2571;0.0360;0.1660;1.2100
Rangiroa_3;90;2571;0.0369;0.1980;1.5200
Rangiroa_3;90;2571;0.0495;0.1250;1.4900
Rangiroa_3;90;2571;0.0480;0.1270;1.6400
Rangiroa_3;90;2571;0.0400;0.0322;1.7000
Rangiroa_3;90;2571;0.0572;0.1680;1.7100
Rangiroa_3;90;2571;0.0322;0.1920;NA
Rangiroa_3;90;2572;0.0268;0.1020;1.3700
Rangiroa_3;90;2572;0.0226;0.0594;1.5300
Rangiroa_3;90;2572;0.0283;0.0841;1.8300
Rangiroa_3;90;2572;0.0486;0.0344;1.9300
Rangiroa_3;90;2572;0.0243;0.1110;1.4600
Rangiroa_3;90;2572;0.0400;0.1510;1.8000
Rangiroa_3;90;2572;0.0280;0.1700;1.7400
Rangiroa_3;90;2572;0.0280;0.1420;2.0200
Rangiroa_3;90;2572;0.0240;0.1960;2.2300
Rangiroa_3;90;2572;0.0322;0.1800;NA
Bora_2;40;852;0.0362;0.1560;2.7100
Bora_2;40;852;0.0243;0.1320;1.9700
Bora_2;40;852;0.0268;0.1540;2.7200
Bora_2;40;852;0.0280;0.1720;2.7100
Bora_2;40;852;0.0322;0.1500;2.4700
Bora_2;40;852;0.0394;0.1270;2.6600
Bora_2;40;852;0.0320;0.2180;2.2400
Bora_2;40;852;0.0320;0.2640;2.7000
Bora_2;40;852;0.0291;0.1800;2.7100
Bora_2;40;852;0.0442;0.1850;3.1200
Bora_2;40;853;0.0431;0.1750;1.8700
Bora_2;40;853;0.0480;0.2000;1.8800
Bora_2;40;853;0.0557;0.1060;2.0000
Bora_2;40;853;0.0974;0.1200;2.2000
Bora_2;40;853;0.0804;0.0880;1.9000
Bora_2;40;853;0.0609;0.0734;2.4400
Bora_2;40;853;0.0737;0.1860;2.4100
Bora_2;40;853;0.0520;0.1320;2.9200
Bora_2;40;853;0.0590;0.1910;2.2000
Bora_2;40;853;0.0521;0.1760;2.6000
Bora_2;40;854;0.0360;0.1570;2.4800
Bora_2;40;854;0.0360;0.1410;2.7200
Bora_2;40;854;0.0322;0.1330;2.5700
Bora_2;40;854;0.0506;0.1320;2.6000
Bora_2;40;854;0.0730;0.1760;2.3400
Bora_2;40;854;0.0488;0.0600;2.3600
Bora_2;40;854;0.0544;0.2770;2.0500
Bora_2;40;854;0.0379;0.1170;2.1600
Bora_2;40;854;0.0684;0.2220;2.5100
Bora_2;40;854;0.0486;0.1760;2.3800
Bora_2;40;855;0.0809;0.1400;2.3800
Bora_2;40;855;0.0927;0.1340;3.0700
Bora_2;40;855;0.0400;0.1450;3.4500
Bora_2;40;855;0.0565;0.2210;3.7900
Bora_2;40;855;0.0684;0.1280;3.9300
Bora_2;40;855;0.0680;0.1580;2.8800
Bora_2;40;855;0.0480;0.1320;2.9600
Bora_2;40;855;0.0680;0.1770;2.5400
Bora_2;40;855;0.0560;0.1420;2.2300
Bora_2;40;855;0.0520;0.1120;NA
Bora_2;40;856;0.0544;0.1540;4.0300
Bora_2;40;856;0.0431;0.1340;4.4700
Bora_2;40;856;0.0645;0.1880;4.0400
Bora_2;40;856;0.0379;0.1160;4.5500
Bora_2;40;856;0.0408;0.2570;4.4400
Bora_2;40;856;0.0730;0.1290;2.7900
Bora_2;40;856;0.0342;0.1200;3.5100
Bora_2;40;856;0.0320;0.1460;5.1700
Bora_2;40;856;0.0440;0.1560;3.9900
Bora_2;40;856;0.0501;0.1870;4.2700
Bora_2;40;857;0.0480;0.2000;2.6900
Bora_2;40;857;0.0609;0.2500;3.2500
Bora_2;40;857;0.0641;0.2410;4.7100
Bora_2;40;857;0.0720;0.2040;4.7200
Bora_2;40;857;0.0565;0.2440;3.9800
Bora_2;40;857;0.0720;0.2080;4.6700
Bora_2;40;857;0.0612;0.1170;3.8600
Bora_2;40;857;0.0721;0.2250;3.9300
Bora_2;40;857;0.0680;0.2120;4.6000
Bora_2;40;857;0.0680;0.2080;2.7900
Moorea_2;18;234;0.0425;0.2020;3.3000
Moorea_2;18;234;0.0369;0.2430;3.8800
Moorea_2;18;234;0.0447;0.2240;3.8100
Moorea_2;18;234;0.0590;0.2350;4.2200
Moorea_2;18;234;0.0447;0.2160;3.5800
Moorea_2;18;234;0.0605;0.2410;4.4400
Moorea_2;18;234;0.0521;0.2620;2.9400
Moorea_2;18;234;0.0720;0.1620;4.3200
Moorea_2;18;234;0.0680;0.1220;4.7300
Moorea_2;18;234;0.0572;0.2590;4.5200
Moorea_2;77;95;NA;NA;NA
Moorea_2;77;95;NA;NA;NA
Moorea_2;77;95;NA;NA;NA
Moorea_2;77;95;NA;NA;NA
Moorea_2;77;95;NA;NA;NA
Moorea_2;77;95;NA;NA;NA
Moorea_2;77;95;NA;NA;NA
Moorea_2;77;95;NA;NA;NA
Moorea_2;77;95;NA;NA;NA
Moorea_2;77;95;NA;NA;NA
Moorea_2;47;86;0.0362;0.0973;1.7100
Moorea_2;47;86;0.0280;0.1240;2.1300
Moorea_2;47;86;0.0215;0.0840;2.8600
Moorea_2;47;86;0.0320;0.1760;2.4900
Moorea_2;47;86;0.0240;0.1560;3.0500
Moorea_2;47;86;0.0342;0.1440;3.6300
Moorea_2;47;86;0.0342;0.2040;2.6700
Moorea_2;47;86;0.0165;0.1720;NA
Moorea_2;47;86;0.0243;0.2800;NA
Moorea_2;47;86;0.0330;0.2720;NA
Moorea_2;40;117;0.0481;0.1540;2.1000
Moorea_2;40;117;0.0379;0.2150;2.3100
Moorea_2;40;117;0.0362;0.1120;2.4100
Moorea_2;40;117;0.0481;0.1620;2.1400
Moorea_2;40;117;0.0417;0.1690;2.0300
Moorea_2;40;117;0.0480;0.1810;1.2500
Moorea_2;40;117;0.0320;0.1810;2.0300
Moorea_2;40;117;0.0641;0.1600;2.0400
Moorea_2;40;117;0.0495;0.1390;1.7100
Moorea_2;40;117;0.0379;0.1660;NA
Moorea_2;40;219;0.0632;0.1600;3.5900
Moorea_2;40;219;0.0322;0.1400;3.4400
Moorea_2;40;219;0.0481;0.2250;1.9600
Moorea_2;40;219;0.0322;0.1600;2.4200
Moorea_2;40;219;0.0400;0.2090;2.2800
Moorea_2;40;219;0.0520;0.1130;1.7900
Moorea_2;40;219;0.0612;0.1160;NA
Moorea_2;40;219;0.0565;0.1060;NA
Moorea_2;40;219;0.0776;0.0880;NA
Moorea_2;40;219;0.0715;0.1920;NA
Moorea_2;60;145;0.0370;0.1640;3.3700
Moorea_2;60;145;0.0369;0.1720;2.8200
Moorea_2;60;145;0.0466;0.1460;3.2700
Moorea_2;60;145;0.0126;0.1120;2.3800
Moorea_2;60;145;0.0215;0.1100;3.4100
Moorea_2;60;145;0.0358;0.0684;2.4400
Moorea_2;60;145;0.0483;0.0621;3.5000
Moorea_2;60;145;0.0240;0.0698;3.2800
Moorea_2;60;145;0.0283;0.0641;3.5700
Moorea_2;60;145;0.0280;0.0724;NA
Tikehau_2;90;1836;0.0304;0.0680;0.7100
Tikehau_2;90;1836;0.0200;0.0721;0.9660
Tikehau_2;90;1836;0.0394;0.0495;0.9820
Tikehau_2;90;1836;0.0304;0.0533;1.0900
Tikehau_2;90;1836;0.0342;0.1180;1.0900
Tikehau_2;90;1836;0.0268;0.1440;1.3200
Tikehau_2;90;1836;0.0268;0.1600;1.3300
Tikehau_2;90;1836;0.0268;0.0358;0.9070
Tikehau_2;90;1836;0.0322;0.0651;1.4300
Tikehau_2;90;1836;0.0204;0.1440;1.2500
Tikehau_2;90;1837;0.0520;0.0521;0.8120
Tikehau_2;90;1837;0.0400;0.0609;0.5020
Tikehau_2;90;1837;0.0160;0.0724;0.4160
Tikehau_2;90;1837;0.0215;0.0626;0.7220
Tikehau_2;90;1837;0.0268;0.0684;0.5240
Tikehau_2;90;1837;0.0322;0.0612;0.5640
Tikehau_2;90;1837;0.0280;0.0582;0.7770
Tikehau_2;90;1837;0.0330;0.0800;0.8320
Tikehau_2;90;1837;0.0280;0.1360;0.8790
Tikehau_2;90;1837;0.0283;0.1120;NA
Tikehau_2;90;1838;0.0291;0.0480;1.5100
Tikehau_2;90;1838;0.0215;0.0809;1.3800
Tikehau_2;90;1838;0.0268;0.0880;0.9370
Tikehau_2;90;1838;0.0268;0.0521;1.1600
Tikehau_2;90;1838;0.0291;0.0747;0.8310
Tikehau_2;90;1838;0.0320;0.2170;0.8980
Tikehau_2;90;1838;0.0304;0.1090;1.1300
Tikehau_2;90;1838;0.0283;0.0721;1.1200
Tikehau_2;90;1838;0.0342;0.1220;1.1700
Tikehau_2;90;1838;0.0369;0.0847;1.2000
Tikehau_2;90;1839;0.0288;0.0488;2.8500
Tikehau_2;90;1839;0.0379;0.0402;1.8700
Tikehau_2;90;1839;0.0283;0.0565;1.6200
Tikehau_2;90;1839;0.0240;0.0512;NA
Tikehau_2;90;1839;0.0358;0.1430;NA
Tikehau_2;90;1839;0.0442;0.0824;NA
Tikehau_2;90;1839;0.0283;0.0730;NA
Tikehau_2;90;1839;0.0240;0.1250;NA
Tikehau_2;90;1839;0.0280;0.0680;NA
Tikehau_2;90;1839;0.0291;0.1040;NA
Tikehau_2;90;1840;0.0520;0.0764;0.8000
Tikehau_2;90;1840;0.0160;0.1120;0.7660
Tikehau_2;90;1840;0.0605;0.1380;1.1000
Tikehau_2;90;1840;0.0320;0.1080;1.0600
Tikehau_2;90;1840;0.0400;0.1230;1.0200
Tikehau_2;90;1840;0.0440;0.1080;0.6920
Tikehau_2;90;1840;0.0520;0.1480;0.6860
Tikehau_2;90;1840;0.0408;0.0520;0.8790
Tikehau_2;90;1840;0.0605;0.0855;NA
Tikehau_2;90;1840;0.0600;0.0684;NA
Tikehau_2;90;1841;0.0233;0.1050;0.7690
Tikehau_2;90;1841;0.0362;0.1070;0.5200
Tikehau_2;90;1841;0.0268;0.0646;0.6140
Tikehau_2;90;1841;0.0288;0.1310;0.6720
Tikehau_2;90;1841;0.0468;0.1660;0.5990
Tikehau_2;90;1841;0.0360;0.1310;1.2200
Tikehau_2;90;1841;0.0283;0.1910;0.7770
Tikehau_2;90;1841;0.0322;0.1300;0.5820
Tikehau_2;90;1841;0.0253;0.0761;NA
Tikehau_2;90;1841;0.0200;0.0690;NA
Tikehau_2;90;1842;0.0330;0.0640;NA
Tikehau_2;90;1842;0.0288;0.0651;NA
Tikehau_2;90;1842;0.0369;0.0974;NA
Tikehau_2;90;1842;0.0362;0.0850;NA
Tikehau_2;90;1842;0.0240;NA;NA
Tikehau_2;90;1842;0.0283;NA;NA
Tikehau_2;90;1842;0.0204;NA;NA
Tikehau_2;90;1842;0.0358;NA;NA
Tikehau_2;90;1842;0.0408;NA;NA
Tikehau_2;90;1842;0.0288;NA;NA
Tikehau_2;90;1843;0.0362;0.1020;1.9400
Tikehau_2;90;1843;0.0320;0.1170;1.8000
Tikehau_2;90;1843;0.0253;0.0888;1.6500
Tikehau_2;90;1843;0.0322;0.1560;1.6300
Tikehau_2;90;1843;0.0442;0.1460;1.2400
Tikehau_2;90;1843;0.0320;0.0983;1.7100
Tikehau_2;90;1843;0.0283;0.1220;1.7600
Tikehau_2;90;1843;0.0342;0.1000;1.7800
Tikehau_2;90;1843;0.0280;0.0815;NA
Tikehau_2;90;1843;0.0280;0.0641;NA
Tikehau_2;90;1844;0.0536;0.0678;NA
Tikehau_2;90;1844;0.0481;0.0536;NA
Tikehau_2;90;1844;0.0377;0.0360;NA
Tikehau_2;90;1844;0.0400;0.0699;NA
Tikehau_2;90;1844;0.0291;0.0684;NA
Tikehau_2;90;1844;0.0432;NA;NA
Tikehau_2;90;1844;0.0204;NA;NA
Tikehau_2;90;1844;0.0394;NA;NA
Tikehau_2;90;1844;0.0544;NA;NA
Tikehau_2;90;1844;0.0483;NA;NA