"Date_Time","Battery","Quantum","Depth"
"2113",2018-11-05 12:35:00,"1.5","81.5082188996952","6"
"2114",2018-11-05 12:40:00,"1.5","97.6818959721289","6"
"2115",2018-11-05 12:45:00,"1.5","19.2527891833603","6"
"2116",2018-11-05 12:50:00,"1.5","11.0339434828292","6"
"2117",2018-11-05 12:55:00,"1.5","2.48889679715302","6"
"2118",2018-11-05 13:00:00,"1.5","113.921613423073","6"
"2119",2018-11-05 13:05:00,"1.5","1.86463089551057","6"
"2120",2018-11-05 13:10:00,"1.5","0.861460299027435","6"
"2121",2018-11-05 13:15:00,"1.5","173.348994193669","6"
"2122",2018-11-05 13:20:00,"1.5","242.069170958295","6"
"2123",2018-11-05 13:25:00,"1.5","61.9799100014516","6"
"2124",2018-11-05 13:30:00,"1.5","50.3769226708894","6"
"2125",2018-11-05 13:35:00,"1.5","58.6849029475198","6"
"2126",2018-11-05 13:40:00,"1.5","65.0001776077601","6"
"2127",2018-11-05 13:45:00,"1.5","50.0594562878936","6"
"2128",2018-11-05 13:50:00,"1.5","69.2446060754233","6"
"2129",2018-11-05 13:55:00,"1.5","89.4049483870968","6"
"2130",2018-11-05 14:00:00,"1.5","326.738988185398","6"
"2131",2018-11-05 14:05:00,"1.5","116.452849664529","6"
"2132",2018-11-05 14:10:00,"1.5","256.912669571652","6"
"2133",2018-11-05 14:15:00,"1.5","553.361652710715","6"
"2134",2018-11-05 14:20:00,"1.5","228.51224516129","6"
"2135",2018-11-05 14:25:00,"1.5","2216.67667741935","6"
"2136",2018-11-05 14:30:00,"1.5","178.052552870091","6"
"2137",2018-11-05 14:35:00,"1.5","149.848628247931","6"
"2138",2018-11-05 14:40:00,"1.5","368.193891770535","6"
"2139",2018-11-05 14:45:00,"1.5","52.1637690776377","6"
"2140",2018-11-05 14:50:00,"1.5","474.869600199071","6"
"2141",2018-11-05 14:55:00,"1.5","36.6744363256785","6"
"2142",2018-11-05 15:00:00,"1.5","53.7826013513513","6"
"2143",2018-11-05 15:05:00,"1.5","86.6241720430107","6"
"2144",2018-11-05 15:10:00,"1.5","49.7040714090536","6"
"2145",2018-11-05 15:15:00,"1.5","155.38373123042","6"
"2146",2018-11-05 15:20:00,"1.5","135.208880994671","6"
"2147",2018-11-05 15:25:00,"1.5","23.0794500185805","6"
"2148",2018-11-05 15:30:00,"1.5","33.7276423745174","6"
"2149",2018-11-05 15:35:00,"1.5","41.1107314468767","6"
"2150",2018-11-05 15:40:00,"1.5","42.79600402955","6"
"2151",2018-11-05 15:45:00,"1.5","82.8517746545974","6"
"2152",2018-11-05 15:50:00,"1.5","16.6916691639197","6"
"2153",2018-11-05 15:55:00,"1.5","13.1231016616044","6"
"2154",2018-11-05 16:00:00,"1.5","10.0167642900424","6"
"2155",2018-11-05 16:05:00,"1.5","14.5981161290323","6"
"2156",2018-11-05 16:10:00,"1.5","9.24904279279279","6"
"2157",2018-11-05 16:15:00,"1.5","7.94567584881486","6"
"2158",2018-11-05 16:20:00,"1.5","64.7723254324151","6"
"2159",2018-11-05 16:25:00,"1.5","5.25084814216478","6"
"2160",2018-11-05 16:30:00,"1.5","12.0727868852459","6"
"2161",2018-11-05 16:35:00,"1.5","6.6","6"
"2162",2018-11-05 16:40:00,"1.5","1.62311265969803","6"
"2163",2018-11-05 16:45:00,"1.5","0.903345724907063","6"
"2164",2018-11-05 16:50:00,"1.5","113.921613423073","6"
"2165",2018-11-05 16:55:00,"1.5","14.3555555555556","6"
"2166",2018-11-05 17:00:00,"1.5","1","6"
"2167",2018-11-05 17:05:00,"1.5","1","6"
"2168",2018-11-05 17:10:00,"1.5","1","6"
"2169",2018-11-05 17:15:00,"1.5","1","6"
"2170",2018-11-05 17:20:00,"1.5","1","6"
"2171",2018-11-05 17:25:00,"1.5","1","6"
"2172",2018-11-05 17:30:00,"1.5","1","6"
"2173",2018-11-05 17:35:00,"1.5","1","6"
"2174",2018-11-05 17:40:00,"1.5","1","6"
"2175",2018-11-05 17:45:00,"1.5","1","6"
"2176",2018-11-05 17:50:00,"1.5","1","6"
"2177",2018-11-05 17:55:00,"1.5","1","6"
"2178",2018-11-05 18:00:00,"1.5","1","6"
"2179",2018-11-05 18:05:00,"1.5","1","6"
"2180",2018-11-05 18:10:00,"1.5","1","6"
"2181",2018-11-05 18:15:00,"1.5","1","6"
"2182",2018-11-05 18:20:00,"1.5","1","6"
"2183",2018-11-05 18:25:00,"1.5","1","6"
"2184",2018-11-05 18:30:00,"1.5","1","6"
"2185",2018-11-05 18:35:00,"1.5","1","6"
"2186",2018-11-05 18:40:00,"1.5","1","6"
"2187",2018-11-05 18:45:00,"1.5","1","6"
"2188",2018-11-05 18:50:00,"1.5","1","6"
"2189",2018-11-05 18:55:00,"1.5","1","6"
"2190",2018-11-05 19:00:00,"1.5","1","6"
"2191",2018-11-05 19:05:00,"1.5","1","6"
"2192",2018-11-05 19:10:00,"1.5","1","6"
"2193",2018-11-05 19:15:00,"1.5","1","6"
"2194",2018-11-05 19:20:00,"1.5","1","6"
"2195",2018-11-05 19:25:00,"1.5","1","6"
"2196",2018-11-05 19:30:00,"1.5","1","6"
"2197",2018-11-05 19:35:00,"1.5","1","6"
"2198",2018-11-05 19:40:00,"1.5","1","6"
"2199",2018-11-05 19:45:00,"1.5","1","6"
"2200",2018-11-05 19:50:00,"1.5","1","6"
"2201",2018-11-05 19:55:00,"1.5","1","6"
"2202",2018-11-05 20:00:00,"1.5","1","6"
"2203",2018-11-05 20:05:00,"1.5","1","6"
"2204",2018-11-05 20:10:00,"1.5","1","6"
"2205",2018-11-05 20:15:00,"1.5","1","6"
"2206",2018-11-05 20:20:00,"1.5","1","6"
"2207",2018-11-05 20:25:00,"1.5","1","6"
"2208",2018-11-05 20:30:00,"1.5","1","6"
"2209",2018-11-05 20:35:00,"1.5","1","6"
"2210",2018-11-05 20:40:00,"1.5","1","6"
"2211",2018-11-05 20:45:00,"1.5","1","6"
"2212",2018-11-05 20:50:00,"1.5","1","6"
"2213",2018-11-05 20:55:00,"1.5","1","6"
"2214",2018-11-05 21:00:00,"1.5","1","6"
"2215",2018-11-05 21:05:00,"1.5","1","6"
"2216",2018-11-05 21:10:00,"1.5","1","6"
"2217",2018-11-05 21:15:00,"1.5","1","6"
"2218",2018-11-05 21:20:00,"1.5","1","6"
"2219",2018-11-05 21:25:00,"1.5","1","6"
"2220",2018-11-05 21:30:00,"1.5","1","6"
"2221",2018-11-05 21:35:00,"1.5","1","6"
"2222",2018-11-05 21:40:00,"1.5","1","6"
"2223",2018-11-05 21:45:00,"1.5","1","6"
"2224",2018-11-05 21:50:00,"1.5","1","6"
"2225",2018-11-05 21:55:00,"1.5","1","6"
"2226",2018-11-05 22:00:00,"1.5","1","6"
"2227",2018-11-05 22:05:00,"1.5","1","6"
"2228",2018-11-05 22:10:00,"1.5","1","6"
"2229",2018-11-05 22:15:00,"1.5","1","6"
"2230",2018-11-05 22:20:00,"1.5","1","6"
"2231",2018-11-05 22:25:00,"1.5","1","6"
"2232",2018-11-05 22:30:00,"1.5","1","6"
"2233",2018-11-05 22:35:00,"1.5","1","6"
"2234",2018-11-05 22:40:00,"1.5","1","6"
"2235",2018-11-05 22:45:00,"1.5","1","6"
"2236",2018-11-05 22:50:00,"1.5","1","6"
"2237",2018-11-05 22:55:00,"1.5","1","6"
"2238",2018-11-05 23:00:00,"1.5","1","6"
"2239",2018-11-05 23:05:00,"1.5","1","6"
"2240",2018-11-05 23:10:00,"1.5","1","6"
"2241",2018-11-05 23:15:00,"1.5","1","6"
"2242",2018-11-05 23:20:00,"1.5","1","6"
"2243",2018-11-05 23:25:00,"1.5","1","6"
"2244",2018-11-05 23:30:00,"1.5","1","6"
"2245",2018-11-05 23:35:00,"1.5","1","6"
"2246",2018-11-05 23:40:00,"1.5","1","6"
"2247",2018-11-05 23:45:00,"1.5","1","6"
"2248",2018-11-05 23:50:00,"1.5","1","6"
"2249",2018-11-05 23:55:00,"1.5","1","6"
"2250",2018-11-06 00:00:00,"1.5","1","6"
"2251",2018-11-06 00:05:00,"1.5","1","6"
"2252",2018-11-06 00:10:00,"1.5","1","6"
"2253",2018-11-06 00:15:00,"1.5","1","6"
"2254",2018-11-06 00:20:00,"1.5","1","6"
"2255",2018-11-06 00:25:00,"1.5","1","6"
"2256",2018-11-06 00:30:00,"1.5","1","6"
"2257",2018-11-06 00:35:00,"1.5","1","6"
"2258",2018-11-06 00:40:00,"1.5","1","6"
"2259",2018-11-06 00:45:00,"1.5","1","6"
"2260",2018-11-06 00:50:00,"1.5","1","6"
"2261",2018-11-06 00:55:00,"1.5","1","6"
"2262",2018-11-06 01:00:00,"1.5","1","6"
"2263",2018-11-06 01:05:00,"1.5","1","6"
"2264",2018-11-06 01:10:00,"1.5","1","6"
"2265",2018-11-06 01:15:00,"1.5","1","6"
"2266",2018-11-06 01:20:00,"1.5","1","6"
"2267",2018-11-06 01:25:00,"1.5","1","6"
"2268",2018-11-06 01:30:00,"1.5","1","6"
"2269",2018-11-06 01:35:00,"1.5","1","6"
"2270",2018-11-06 01:40:00,"1.5","1","6"
"2271",2018-11-06 01:45:00,"1.5","1","6"
"2272",2018-11-06 01:50:00,"1.5","1","6"
"2273",2018-11-06 01:55:00,"1.5","1","6"
"2274",2018-11-06 02:00:00,"1.5","1","6"
"2275",2018-11-06 02:05:00,"1.5","1","6"
"2276",2018-11-06 02:10:00,"1.5","1","6"
"2277",2018-11-06 02:15:00,"1.5","1","6"
"2278",2018-11-06 02:20:00,"1.5","1","6"
"2279",2018-11-06 02:25:00,"1.5","1","6"
"2280",2018-11-06 02:30:00,"1.5","1","6"
"2281",2018-11-06 02:35:00,"1.5","1","6"
"2282",2018-11-06 02:40:00,"1.5","1","6"
"2283",2018-11-06 02:45:00,"1.5","1","6"
"2284",2018-11-06 02:50:00,"1.5","1","6"
"2285",2018-11-06 02:55:00,"1.5","1","6"
"2286",2018-11-06 03:00:00,"1.5","1","6"
"2287",2018-11-06 03:05:00,"1.5","1","6"
"2288",2018-11-06 03:10:00,"1.5","1","6"
"2289",2018-11-06 03:15:00,"1.5","1","6"
"2290",2018-11-06 03:20:00,"1.5","1","6"
"2291",2018-11-06 03:25:00,"1.5","1","6"
"2292",2018-11-06 03:30:00,"1.5","1","6"
"2293",2018-11-06 03:35:00,"1.5","1","6"
"2294",2018-11-06 03:40:00,"1.5","1","6"
"2295",2018-11-06 03:45:00,"1.5","1","6"
"2296",2018-11-06 03:50:00,"1.5","1","6"
"2297",2018-11-06 03:55:00,"1.5","1","6"
"2298",2018-11-06 04:00:00,"1.5","1","6"
"2299",2018-11-06 04:05:00,"1.5","1","6"
"2300",2018-11-06 04:10:00,"1.5","6.00558139534884","6"
"2301",2018-11-06 04:15:00,"1.5","1.84570765661253","6"
"2302",2018-11-06 04:20:00,"1.5","11.0667828106853","6"
"2303",2018-11-06 04:25:00,"1.5","4.61579699785561","6"
"2304",2018-11-06 04:30:00,"1.5","33.928087431694","6"
"2305",2018-11-06 04:35:00,"1.5","38.9531502423263","6"
"2306",2018-11-06 04:40:00,"1.5","40.9725282017253","6"
"2307",2018-11-06 04:45:00,"1.5","7.99951100244499","6"
"2308",2018-11-06 04:50:00,"1.5","74.2837425348374","6"
"2309",2018-11-06 04:55:00,"1.5","90.8991517436381","6"
"2310",2018-11-06 05:00:00,"1.5","43.395944055944","6"
"2311",2018-11-06 05:05:00,"1.5","18.5597419354839","6"
"2312",2018-11-06 05:10:00,"1.5","42.3868145040456","6"
"2313",2018-11-06 05:15:00,"1.5","93.3781732706514","6"
"2314",2018-11-06 05:20:00,"1.5","192.689266161588","6"
"2315",2018-11-06 05:25:00,"1.5","15.2084442785451","6"
"2316",2018-11-06 05:30:00,"1.5","24.499796773257","6"
"2317",2018-11-06 05:35:00,"1.5","29.9052872463966","6"
"2318",2018-11-06 05:40:00,"1.5","227.010957032584","6"
"2319",2018-11-06 05:45:00,"1.5","39.6219607603447","6"
"2320",2018-11-06 05:50:00,"1.5","51.5573804487578","6"
"2321",2018-11-06 05:55:00,"1.5","29.4401161290323","6"
"2322",2018-11-06 06:00:00,"1.5","37.0562151616499","6"
"2323",2018-11-06 06:05:00,"1.5","140.789688875986","6"
"2324",2018-11-06 06:10:00,"1.5","404.154055118927","6"
"2325",2018-11-06 06:15:00,"1.5","37.1295011876485","6"
"2326",2018-11-06 06:20:00,"1.5","147.5","6"
"2327",2018-11-06 06:25:00,"1.5","55.5342290322581","6"
"2328",2018-11-06 06:30:00,"1.5","490.726082151754","6"
"2329",2018-11-06 06:35:00,"1.5","75.8574414715719","6"
"2330",2018-11-06 06:40:00,"1.5","38.3612040133779","6"
"2331",2018-11-06 06:45:00,"1.5","212.801806451613","6"
"2332",2018-11-06 06:50:00,"1.5","281.309841955326","6"
"2333",2018-11-06 06:55:00,"1.5","329.2","6"
"2334",2018-11-06 07:00:00,"1.5","64.3718735311195","6"
"2335",2018-11-06 07:05:00,"1.5","62.6767311618498","6"
"2336",2018-11-06 07:10:00,"1.5","430.102364909819","6"
"2337",2018-11-06 07:15:00,"1.5","81.29377787068","6"
"2338",2018-11-06 07:20:00,"1.5","56.7992504618633","6"
"2339",2018-11-06 07:25:00,"1.5","187.818310676959","6"
"2340",2018-11-06 07:30:00,"1.5","54.0394688044354","6"
"2341",2018-11-06 07:35:00,"1.5","168.227263207009","6"
"2342",2018-11-06 07:40:00,"1.5","99.1122600312095","6"
"2343",2018-11-06 07:45:00,"1.5","253.876005751099","6"
"2344",2018-11-06 07:50:00,"1.5","100.365279121851","6"
"2345",2018-11-06 07:55:00,"1.5","995.645925268119","6"
"2346",2018-11-06 08:00:00,"1.5","79.0264801738186","6"
"2347",2018-11-06 08:05:00,"1.5","51.9395213579267","6"
"2348",2018-11-06 08:10:00,"1.5","396.046135686454","6"
"2349",2018-11-06 08:15:00,"1.5","162.05","6"
"2350",2018-11-06 08:20:00,"1.5","79.8720897563168","6"
"2351",2018-11-06 08:25:00,"1.5","94.2976021763207","6"
"2352",2018-11-06 08:30:00,"1.5","1269.54012739941","6"
"2353",2018-11-06 08:35:00,"1.5","466.4","6"
"2354",2018-11-06 08:40:00,"1.5","64.5312910899249","6"
"2355",2018-11-06 08:45:00,"1.5","31.9599590648793","6"
"2356",2018-11-06 08:50:00,"1.5","99.7268882175227","6"
"2357",2018-11-06 08:55:00,"1.5","385.535921169479","6"
"2358",2018-11-06 09:00:00,"1.5","127.42989268495","6"
"2359",2018-11-06 09:05:00,"1.5","632.96038283624","6"
"2360",2018-11-06 09:10:00,"1.5","848.867633112045","6"
"2361",2018-11-06 09:15:00,"1.5","439.866238788947","6"
"2362",2018-11-06 09:20:00,"1.5","65.6148321384505","6"
"2363",2018-11-06 09:25:00,"1.5","67.9489040499347","6"
"2364",2018-11-06 09:30:00,"1.5","123.566306184872","6"
"2365",2018-11-06 09:35:00,"1.5","265.813143092165","6"
"2366",2018-11-06 09:40:00,"1.5","120.933791797008","6"
"2367",2018-11-06 09:45:00,"1.5","44.9298882276092","6"
"2368",2018-11-06 09:50:00,"1.5","88.9728096676737","6"
"2369",2018-11-06 09:55:00,"1.5","128.625666831989","6"
"2370",2018-11-06 10:00:00,"1.5","91.4430125563504","6"
"2371",2018-11-06 10:05:00,"1.5","125.576202918481","6"
"2372",2018-11-06 10:10:00,"1.5","2227.95847733185","6"
"2373",2018-11-06 10:15:00,"1.5","66.4639376575751","6"
"2374",2018-11-06 10:20:00,"1.5","400.401174193548","6"
"2375",2018-11-06 10:25:00,"1.5","149.254654518751","6"
"2376",2018-11-06 10:30:00,"1.5","69.6708843503067","6"
"2377",2018-11-06 10:35:00,"1.5","80.7476360318514","6"
"2378",2018-11-06 10:40:00,"1.5","15.8252457599654","6"
"2379",2018-11-06 10:45:00,"1.5","255.042776680989","6"
"2380",2018-11-06 10:50:00,"1.5","99.8376624836112","6"
"2381",2018-11-06 10:55:00,"1.5","183.595262057753","6"
"2382",2018-11-06 11:00:00,"1.5","602.282591865513","6"
"2383",2018-11-06 11:05:00,"1.5","267.567354974506","6"
"2384",2018-11-06 11:10:00,"1.5","424.900616231808","6"
"2385",2018-11-06 11:15:00,"1.5","161.695220742817","6"
"2386",2018-11-06 11:20:00,"1.5","199.445864006802","6"
"2387",2018-11-06 11:25:00,"1.5","183.431619821814","6"
"2388",2018-11-06 11:30:00,"1.5","114.194505956552","6"
"2389",2018-11-06 11:35:00,"1.5","303.07290504531","6"
"2390",2018-11-06 11:40:00,"1.5","900.936387495355","6"
"2391",2018-11-06 11:45:00,"1.5","869.233814563594","6"
"2392",2018-11-06 11:50:00,"1.5","1530.79924768372","6"
"2393",2018-11-06 11:55:00,"1.5","200.302129689152","6"
"2394",2018-11-06 12:00:00,"1.5","209.85","6"
"2395",2018-11-06 12:05:00,"1.5","667.807020172695","6"
"2396",2018-11-06 12:10:00,"1.5","70.3251870967742","6"
"2397",2018-11-06 12:15:00,"1.5","711.036450577225","6"
"2398",2018-11-06 12:20:00,"1.5","535.537921309481","6"
"2399",2018-11-06 12:25:00,"1.5","378.156664516129","6"
"2400",2018-11-06 12:30:00,"1.5","1303.31000409864","6"
"2401",2018-11-06 12:35:00,"1.5","334.138722580645","6"
"2402",2018-11-06 12:40:00,"1.5","1867.29650932441","6"
"2403",2018-11-06 12:45:00,"1.5","3825.95876755947","6"
"2404",2018-11-06 12:50:00,"1.5","333.307261748084","6"
"2405",2018-11-06 12:55:00,"1.5","288.853979252148","6"
"2406",2018-11-06 13:00:00,"1.5","738.940930556631","6"
"2407",2018-11-06 13:05:00,"1.5","341.873414138482","6"
"2408",2018-11-06 13:10:00,"1.5","547.21369533878","6"
"2409",2018-11-06 13:15:00,"1.5","104.949988386947","6"
"2410",2018-11-06 13:20:00,"1.5","307.585928506513","6"
"2411",2018-11-06 13:25:00,"1.5","260","6"
"2412",2018-11-06 13:30:00,"1.5","188.342320508937","6"
"2413",2018-11-06 13:35:00,"1.5","622.260902612827","6"
"2414",2018-11-06 13:40:00,"1.5","265.5","6"
"2415",2018-11-06 13:45:00,"1.5","2774.45697419355","6"
"2416",2018-11-06 13:50:00,"1.5","2875.80663606702","6"
"2417",2018-11-06 13:55:00,"1.5","534.828096181433","6"
"2418",2018-11-06 14:00:00,"1.5","324.341421673492","6"
"2419",2018-11-06 14:05:00,"1.5","230.151193548387","6"
"2420",2018-11-06 14:10:00,"1.5","77.1615181268882","6"
"2421",2018-11-06 14:15:00,"1.5","2475.85857447457","6"
"2422",2018-11-06 14:20:00,"1.5","631.372081943783","6"
"2423",2018-11-06 14:25:00,"1.5","1695.05326959502","6"
"2424",2018-11-06 14:30:00,"1.5","157.099857716773","6"
"2425",2018-11-06 14:35:00,"1.5","494.974350453172","6"
"2426",2018-11-06 14:40:00,"1.5","156.4","6"
"2427",2018-11-06 14:45:00,"1.5","203.483152954698","6"
"2428",2018-11-06 14:50:00,"1.5","146.366614512028","6"
"2429",2018-11-06 14:55:00,"1.5","113.921613423073","6"
"2430",2018-11-06 15:00:00,"1.5","116.997316267547","6"
"2431",2018-11-06 15:05:00,"1.5","164.450497322112","6"
"2432",2018-11-06 15:10:00,"1.5","96.1028558320908","6"
"2433",2018-11-06 15:15:00,"1.5","63.5240175768989","6"
"2434",2018-11-06 15:20:00,"1.5","89.5934451612903","6"
"2435",2018-11-06 15:25:00,"1.5","631.2","6"
"2436",2018-11-06 15:30:00,"1.5","63.0520798668885","6"
"2437",2018-11-06 15:35:00,"1.5","46.2669182755117","6"
"2438",2018-11-06 15:40:00,"1.5","44.7596598960793","6"
"2439",2018-11-06 15:45:00,"1.5","118.35380603097","6"
"2440",2018-11-06 15:50:00,"1.5","27.2863803680982","6"
"2441",2018-11-06 15:55:00,"1.5","380.221962095875","6"
"2442",2018-11-06 16:00:00,"1.5","26.7290668868704","6"
"2443",2018-11-06 16:05:00,"1.5","43.9282411230388","6"
"2444",2018-11-06 16:10:00,"1.5","78.2732930794241","6"
"2445",2018-11-06 16:15:00,"1.5","13.2","6"
"2446",2018-11-06 16:20:00,"1.5","68.4655737704918","6"
"2447",2018-11-06 16:25:00,"1.5","10.5626161278335","6"
"2448",2018-11-06 16:30:00,"1.5","51.8815831987076","6"
"2449",2018-11-06 16:35:00,"1.5","35.4366748166259","6"
"2450",2018-11-06 16:40:00,"1.5","39.8958195089582","6"
"2451",2018-11-06 16:45:00,"1.5","2.89112487100103","6"
"2452",2018-11-06 16:50:00,"1.5","0.98364312267658","6"
"2453",2018-11-06 16:55:00,"1.5","113.921613423073","6"
"2454",2018-11-06 17:00:00,"1.5","1","6"
"2455",2018-11-06 17:05:00,"1.5","1","6"
"2456",2018-11-06 17:10:00,"1.5","1","6"
"2457",2018-11-06 17:15:00,"1.5","1","6"
"2458",2018-11-06 17:20:00,"1.5","1","6"
"2459",2018-11-06 17:25:00,"1.5","1","6"
"2460",2018-11-06 17:30:00,"1.5","1","6"
"2461",2018-11-06 17:35:00,"1.5","1","6"
"2462",2018-11-06 17:40:00,"1.5","1","6"
"2463",2018-11-06 17:45:00,"1.5","1","6"
"2464",2018-11-06 17:50:00,"1.5","1","6"
"2465",2018-11-06 17:55:00,"1.5","1","6"
"2466",2018-11-06 18:00:00,"1.5","1","6"
"2467",2018-11-06 18:05:00,"1.5","1","6"
"2468",2018-11-06 18:10:00,"1.5","1","6"
"2469",2018-11-06 18:15:00,"1.5","1","6"
"2470",2018-11-06 18:20:00,"1.5","1","6"
"2471",2018-11-06 18:25:00,"1.5","1","6"
"2472",2018-11-06 18:30:00,"1.5","1","6"
"2473",2018-11-06 18:35:00,"1.5","1","6"
"2474",2018-11-06 18:40:00,"1.5","1","6"
"2475",2018-11-06 18:45:00,"1.5","1","6"
"2476",2018-11-06 18:50:00,"1.5","1","6"
"2477",2018-11-06 18:55:00,"1.5","1","6"
"2478",2018-11-06 19:00:00,"1.5","1","6"
"2479",2018-11-06 19:05:00,"1.5","1","6"
"2480",2018-11-06 19:10:00,"1.5","1","6"
"2481",2018-11-06 19:15:00,"1.5","1","6"
"2482",2018-11-06 19:20:00,"1.5","1","6"
"2483",2018-11-06 19:25:00,"1.5","1","6"
"2484",2018-11-06 19:30:00,"1.5","1","6"
"2485",2018-11-06 19:35:00,"1.5","1","6"
"2486",2018-11-06 19:40:00,"1.5","1","6"
"2487",2018-11-06 19:45:00,"1.5","1","6"
"2488",2018-11-06 19:50:00,"1.5","1","6"
"2489",2018-11-06 19:55:00,"1.5","1","6"
"2490",2018-11-06 20:00:00,"1.5","1","6"
"2491",2018-11-06 20:05:00,"1.5","1","6"
"2492",2018-11-06 20:10:00,"1.5","1","6"
"2493",2018-11-06 20:15:00,"1.5","1","6"
"2494",2018-11-06 20:20:00,"1.5","1","6"
"2495",2018-11-06 20:25:00,"1.5","1","6"
"2496",2018-11-06 20:30:00,"1.5","1","6"
"2497",2018-11-06 20:35:00,"1.5","1","6"
"2498",2018-11-06 20:40:00,"1.5","1","6"
"2499",2018-11-06 20:45:00,"1.5","1","6"
"2500",2018-11-06 20:50:00,"1.5","1","6"
"2501",2018-11-06 20:55:00,"1.5","1","6"
"2502",2018-11-06 21:00:00,"1.5","1","6"
"2503",2018-11-06 21:05:00,"1.5","1","6"
"2504",2018-11-06 21:10:00,"1.5","1","6"
"2505",2018-11-06 21:15:00,"1.5","1","6"
"2506",2018-11-06 21:20:00,"1.5","1","6"
"2507",2018-11-06 21:25:00,"1.5","1","6"
"2508",2018-11-06 21:30:00,"1.5","1","6"
"2509",2018-11-06 21:35:00,"1.5","1","6"
"2510",2018-11-06 21:40:00,"1.5","1","6"
"2511",2018-11-06 21:45:00,"1.5","1","6"
"2512",2018-11-06 21:50:00,"1.5","1","6"
"2513",2018-11-06 21:55:00,"1.5","1","6"
"2514",2018-11-06 22:00:00,"1.5","1","6"
"2515",2018-11-06 22:05:00,"1.5","1","6"
"2516",2018-11-06 22:10:00,"1.5","1","6"
"2517",2018-11-06 22:15:00,"1.5","1","6"
"2518",2018-11-06 22:20:00,"1.5","1","6"
"2519",2018-11-06 22:25:00,"1.5","1","6"
"2520",2018-11-06 22:30:00,"1.5","1","6"
"2521",2018-11-06 22:35:00,"1.5","1","6"
"2522",2018-11-06 22:40:00,"1.5","1","6"
"2523",2018-11-06 22:45:00,"1.5","1","6"
"2524",2018-11-06 22:50:00,"1.5","1","6"
"2525",2018-11-06 22:55:00,"1.5","1","6"
"2526",2018-11-06 23:00:00,"1.5","1","6"
"2527",2018-11-06 23:05:00,"1.5","1","6"
"2528",2018-11-06 23:10:00,"1.5","1","6"
"2529",2018-11-06 23:15:00,"1.5","1","6"
"2530",2018-11-06 23:20:00,"1.5","1","6"
"2531",2018-11-06 23:25:00,"1.5","1","6"
"2532",2018-11-06 23:30:00,"1.5","1","6"
"2533",2018-11-06 23:35:00,"1.5","1","6"
"2534",2018-11-06 23:40:00,"1.5","1","6"
"2535",2018-11-06 23:45:00,"1.5","1","6"
"2536",2018-11-06 23:50:00,"1.5","1","6"
"2537",2018-11-06 23:55:00,"1.5","1","6"
"2538",2018-11-07 00:00:00,"1.5","1","6"
"2539",2018-11-07 00:05:00,"1.5","1","6"
"2540",2018-11-07 00:10:00,"1.5","1","6"
"2541",2018-11-07 00:15:00,"1.5","1","6"
"2542",2018-11-07 00:20:00,"1.5","1","6"
"2543",2018-11-07 00:25:00,"1.5","1","6"
"2544",2018-11-07 00:30:00,"1.5","1","6"
"2545",2018-11-07 00:35:00,"1.5","1","6"
"2546",2018-11-07 00:40:00,"1.5","1","6"
"2547",2018-11-07 00:45:00,"1.5","1","6"
"2548",2018-11-07 00:50:00,"1.5","1","6"
"2549",2018-11-07 00:55:00,"1.5","1","6"
"2550",2018-11-07 01:00:00,"1.5","1","6"
"2551",2018-11-07 01:05:00,"1.5","1","6"
"2552",2018-11-07 01:10:00,"1.5","1","6"
"2553",2018-11-07 01:15:00,"1.5","1","6"
"2554",2018-11-07 01:20:00,"1.5","1","6"
"2555",2018-11-07 01:25:00,"1.5","1","6"
"2556",2018-11-07 01:30:00,"1.5","1","6"
"2557",2018-11-07 01:35:00,"1.5","1","6"
"2558",2018-11-07 01:40:00,"1.5","1","6"
"2559",2018-11-07 01:45:00,"1.5","1","6"
"2560",2018-11-07 01:50:00,"1.5","1","6"
"2561",2018-11-07 01:55:00,"1.5","1","6"
"2562",2018-11-07 02:00:00,"1.5","1","6"
"2563",2018-11-07 02:05:00,"1.5","1","6"
"2564",2018-11-07 02:10:00,"1.5","1","6"
"2565",2018-11-07 02:15:00,"1.5","1","6"
"2566",2018-11-07 02:20:00,"1.5","1","6"
"2567",2018-11-07 02:25:00,"1.5","1","6"
"2568",2018-11-07 02:30:00,"1.5","1","6"
"2569",2018-11-07 02:35:00,"1.5","1","6"
"2570",2018-11-07 02:40:00,"1.5","1","6"
"2571",2018-11-07 02:45:00,"1.5","1","6"
"2572",2018-11-07 02:50:00,"1.5","1","6"
"2573",2018-11-07 02:55:00,"1.5","1","6"
"2574",2018-11-07 03:00:00,"1.5","1","6"
"2575",2018-11-07 03:05:00,"1.5","1","6"
"2576",2018-11-07 03:10:00,"1.5","1","6"
"2577",2018-11-07 03:15:00,"1.5","1","6"
"2578",2018-11-07 03:20:00,"1.5","1","6"
"2579",2018-11-07 03:25:00,"1.5","1","6"
"2580",2018-11-07 03:30:00,"1.5","1","6"
"2581",2018-11-07 03:35:00,"1.5","1","6"
"2582",2018-11-07 03:40:00,"1.5","1","6"
"2583",2018-11-07 03:45:00,"1.5","1","6"
"2584",2018-11-07 03:50:00,"1.5","1","6"
"2585",2018-11-07 03:55:00,"1.5","1","6"
"2586",2018-11-07 04:00:00,"1.5","1","6"
"2587",2018-11-07 04:05:00,"1.5","1","6"
"2588",2018-11-07 04:10:00,"1.5","113.921613423073","6"
"2589",2018-11-07 04:15:00,"1.5","2.58159851301115","6"
"2590",2018-11-07 04:20:00,"1.5","19.9067079463364","6"
"2591",2018-11-07 04:25:00,"1.5","4.62780358327804","6"
"2592",2018-11-07 04:30:00,"1.5","6.40283185840708","6"
"2593",2018-11-07 04:35:00,"1.5","24.1472130059721","6"
"2594",2018-11-07 04:40:00,"1.5","29.6452392011147","6"
"2595",2018-11-07 04:45:00,"1.5","33.4414715719064","6"
"2596",2018-11-07 04:50:00,"1.5","92.2404700095641","6"
"2597",2018-11-07 04:55:00,"1.5","28.7143564969652","6"
"2598",2018-11-07 05:00:00,"1.5","15.1136196319018","6"
"2599",2018-11-07 05:05:00,"1.5","26.9887331706165","6"
"2600",2018-11-07 05:10:00,"1.5","27.2159778673407","6"
"2601",2018-11-07 05:15:00,"1.5","86.570405231954","6"
"2602",2018-11-07 05:20:00,"1.5","94.9559224477431","6"
"2603",2018-11-07 05:25:00,"1.5","17.0226727982163","6"
"2604",2018-11-07 05:30:00,"1.5","34.3369705801986","6"
"2605",2018-11-07 05:35:00,"1.5","24.4029518636449","6"
"2606",2018-11-07 05:40:00,"1.5","40.4439867905356","6"
"2607",2018-11-07 05:45:00,"1.5","56.5907707352851","6"
"2608",2018-11-07 05:50:00,"1.5","31.0838056792103","6"
"2609",2018-11-07 05:55:00,"1.5","87.4762373858722","6"
"2610",2018-11-07 06:00:00,"1.5","163.926461505978","6"
"2611",2018-11-07 06:05:00,"1.5","164.936674408477","6"
"2612",2018-11-07 06:10:00,"1.5","25.4210335317172","6"
"2613",2018-11-07 06:15:00,"1.5","42.5331827017748","6"
"2614",2018-11-07 06:20:00,"1.5","53.131215282482","6"
"2615",2018-11-07 06:25:00,"1.5","160.5","6"
"2616",2018-11-07 06:30:00,"1.5","630.583401075128","6"
"2617",2018-11-07 06:35:00,"1.5","45.448874090472","6"
"2618",2018-11-07 06:40:00,"1.5","463.347610660576","6"
"2619",2018-11-07 06:45:00,"1.5","725.6","6"
"2620",2018-11-07 06:50:00,"1.5","278.473514740426","6"
"2621",2018-11-07 06:55:00,"1.5","274.511496655518","6"
"2622",2018-11-07 07:00:00,"1.5","897.30904538114","6"
"2623",2018-11-07 07:05:00,"1.5","123.902471200297","6"
"2624",2018-11-07 07:10:00,"1.5","91.6252094063505","6"
"2625",2018-11-07 07:15:00,"1.5","304.415312616128","6"
"2626",2018-11-07 07:20:00,"1.5","138.664223393689","6"
"2627",2018-11-07 07:25:00,"1.5","83.0608870648473","6"
"2628",2018-11-07 07:30:00,"1.5","1085.31644979004","6"
"2629",2018-11-07 07:35:00,"1.5","67.8084380677668","6"
"2630",2018-11-07 07:40:00,"1.5","411.318416991367","6"
"2631",2018-11-07 07:45:00,"1.5","600.2","6"
"2632",2018-11-07 07:50:00,"1.5","656.2","6"
"2633",2018-11-07 07:55:00,"1.5","351.025502844234","6"
"2634",2018-11-07 08:00:00,"1.5","1061.8489436777","6"
"2635",2018-11-07 08:05:00,"1.5","125.371294541898","6"
"2636",2018-11-07 08:10:00,"1.5","1212.74842818649","6"
"2637",2018-11-07 08:15:00,"1.5","99.3790792009742","6"
"2638",2018-11-07 08:20:00,"1.5","439.688449779084","6"
"2639",2018-11-07 08:25:00,"1.5","171.954985109292","6"
"2640",2018-11-07 08:30:00,"1.5","149.61478119496","6"
"2641",2018-11-07 08:35:00,"1.5","144.504328061731","6"
"2642",2018-11-07 08:40:00,"1.5","186.381138072245","6"
"2643",2018-11-07 08:45:00,"1.5","83.8951226900939","6"
"2644",2018-11-07 08:50:00,"1.5","91.7126570679441","6"
"2645",2018-11-07 08:55:00,"1.5","65.1902360760944","6"
"2646",2018-11-07 09:00:00,"1.5","716.293302138124","6"
"2647",2018-11-07 09:05:00,"1.5","181.386675194832","6"
"2648",2018-11-07 09:10:00,"1.5","94.8956171250508","6"
"2649",2018-11-07 09:15:00,"1.5","111.351512204327","6"
"2650",2018-11-07 09:20:00,"1.5","143.46840214354","6"
"2651",2018-11-07 09:25:00,"1.5","890.52342424937","6"
"2652",2018-11-07 09:30:00,"1.5","97.1427424403255","6"
"2653",2018-11-07 09:35:00,"1.5","243.869968532844","6"
"2654",2018-11-07 09:40:00,"1.5","545.468316256789","6"
"2655",2018-11-07 09:45:00,"1.5","99.2680387785785","6"
"2656",2018-11-07 09:50:00,"1.5","874.068622918033","6"
"2657",2018-11-07 09:55:00,"1.5","260.108632994895","6"
"2658",2018-11-07 10:00:00,"1.5","1351.11492249469","6"
"2659",2018-11-07 10:05:00,"1.5","248.05","6"
"2660",2018-11-07 10:10:00,"1.5","124.272721571906","6"
"2661",2018-11-07 10:15:00,"1.5","183.886101820884","6"
"2662",2018-11-07 10:20:00,"1.5","109.559293165851","6"
"2663",2018-11-07 10:25:00,"1.5","971.469482205069","6"
"2664",2018-11-07 10:30:00,"1.5","1318.51412350405","6"
"2665",2018-11-07 10:35:00,"1.5","256.47782820756","6"
"2666",2018-11-07 10:40:00,"1.5","244.034692028985","6"
"2667",2018-11-07 10:45:00,"1.5","124.758150122727","6"
"2668",2018-11-07 10:50:00,"1.5","404.7","6"
"2669",2018-11-07 10:55:00,"1.5","129.861022232409","6"
"2670",2018-11-07 11:00:00,"1.5","143.449369699748","6"
"2671",2018-11-07 11:05:00,"1.5","379.238264593275","6"
"2672",2018-11-07 11:10:00,"1.5","357.989806451613","6"
"2673",2018-11-07 11:15:00,"1.5","237.487978806409","6"
"2674",2018-11-07 11:20:00,"1.5","649.05392571356","6"
"2675",2018-11-07 11:25:00,"1.5","143.614920676544","6"
"2676",2018-11-07 11:30:00,"1.5","198.308085935305","6"
"2677",2018-11-07 11:35:00,"1.5","319.613352378298","6"
"2678",2018-11-07 11:40:00,"1.5","108.149302262566","6"
"2679",2018-11-07 11:45:00,"1.5","2180.01931082228","6"
"2680",2018-11-07 11:50:00,"1.5","195.25","6"
"2681",2018-11-07 11:55:00,"1.5","3668.9778723082","6"
"2682",2018-11-07 12:00:00,"1.5","194.294877685491","6"
"2683",2018-11-07 12:05:00,"1.5","178.523189142111","6"
"2684",2018-11-07 12:10:00,"1.5","216.197331549317","6"
"2685",2018-11-07 12:15:00,"1.5","256.623509943388","6"
"2686",2018-11-07 12:20:00,"1.5","569.183821161815","6"
"2687",2018-11-07 12:25:00,"1.5","292.929283601073","6"
"2688",2018-11-07 12:30:00,"1.5","243.52","6"
"2689",2018-11-07 12:35:00,"1.5","204.632968644948","6"
"2690",2018-11-07 12:40:00,"1.5","1329.45945419769","6"
"2691",2018-11-07 12:45:00,"1.5","82.9795494135408","6"
"2692",2018-11-07 12:50:00,"1.5","326.126958193176","6"
"2693",2018-11-07 12:55:00,"1.5","829.145641402803","6"
"2694",2018-11-07 13:00:00,"1.5","553.3899586297","6"
"2695",2018-11-07 13:05:00,"1.5","693.924110054044","6"
"2696",2018-11-07 13:10:00,"1.5","213.431883870968","6"
"2697",2018-11-07 13:15:00,"1.5","207.898968243334","6"
"2698",2018-11-07 13:20:00,"1.5","176.019330333382","6"
"2699",2018-11-07 13:25:00,"1.5","3342.63027531814","6"
"2700",2018-11-07 13:30:00,"1.5","550.433364301475","6"
"2701",2018-11-07 13:35:00,"1.5","516.696753857214","6"
"2702",2018-11-07 13:40:00,"1.5","216.718120876221","6"
"2703",2018-11-07 13:45:00,"1.5","822.649404070656","6"
"2704",2018-11-07 13:50:00,"1.5","822.169753803275","6"
"2705",2018-11-07 13:55:00,"1.5","101.438098674123","6"
"2706",2018-11-07 14:00:00,"1.5","2815.61623372655","6"
"2707",2018-11-07 14:05:00,"1.5","855.584475250399","6"
"2708",2018-11-07 14:10:00,"1.5","148.687458266802","6"
"2709",2018-11-07 14:15:00,"1.5","1550.23927578639","6"
"2710",2018-11-07 14:20:00,"1.5","170.336102719033","6"
"2711",2018-11-07 14:25:00,"1.5","202.457242103562","6"
"2712",2018-11-07 14:30:00,"1.5","156.126648811517","6"
"2713",2018-11-07 14:35:00,"1.5","153.7","6"
"2714",2018-11-07 14:40:00,"1.5","388.085716766519","6"
"2715",2018-11-07 14:45:00,"1.5","1793.83891587829","6"
"2716",2018-11-07 14:50:00,"1.5","1225.64319018405","6"
"2717",2018-11-07 14:55:00,"1.5","145.674125874126","6"
"2718",2018-11-07 15:00:00,"1.5","315.561000844595","6"
"2719",2018-11-07 15:05:00,"1.5","142.949977339678","6"
"2720",2018-11-07 15:10:00,"1.5","92.8001926127351","6"
"2721",2018-11-07 15:15:00,"1.5","276.720790216369","6"
"2722",2018-11-07 15:20:00,"1.5","197.842184557439","6"
"2723",2018-11-07 15:25:00,"1.5","86.6123397016488","6"
"2724",2018-11-07 15:30:00,"1.5","114.955175224124","6"
"2725",2018-11-07 15:35:00,"1.5","74.8","6"
"2726",2018-11-07 15:40:00,"1.5","159.602660472973","6"
"2727",2018-11-07 15:45:00,"1.5","43.7658375786635","6"
"2728",2018-11-07 15:50:00,"1.5","88.8221463784604","6"
"2729",2018-11-07 15:55:00,"1.5","50.2910350448248","6"
"2730",2018-11-07 16:00:00,"1.5","28.9769230769231","6"
"2731",2018-11-07 16:05:00,"1.5","49.2258868243243","6"
"2732",2018-11-07 16:10:00,"1.5","56.8590757503573","6"
"2733",2018-11-07 16:15:00,"1.5","45.4048199767712","6"
"2734",2018-11-07 16:20:00,"1.5","9.87309417040359","6"
"2735",2018-11-07 16:25:00,"1.5","12.1132404181185","6"
"2736",2018-11-07 16:30:00,"1.5","6.20728606356968","6"
"2737",2018-11-07 16:35:00,"1.5","3.73023588277341","6"
"2738",2018-11-07 16:40:00,"1.5","3.35389082462253","6"
"2739",2018-11-07 16:45:00,"1.5","2.9","6"
"2740",2018-11-07 16:50:00,"1.5","8.98955916473318","6"
"2741",2018-11-07 16:55:00,"1.5","113.921613423073","6"
"2742",2018-11-07 17:00:00,"1.5","1","6"
"2743",2018-11-07 17:05:00,"1.5","1","6"
"2744",2018-11-07 17:10:00,"1.5","1","6"
"2745",2018-11-07 17:15:00,"1.5","1","6"
"2746",2018-11-07 17:20:00,"1.5","1","6"
"2747",2018-11-07 17:25:00,"1.5","1","6"
"2748",2018-11-07 17:30:00,"1.5","1","6"
"2749",2018-11-07 17:35:00,"1.5","1","6"
"2750",2018-11-07 17:40:00,"1.5","1","6"
"2751",2018-11-07 17:45:00,"1.5","1","6"
"2752",2018-11-07 17:50:00,"1.5","1","6"
"2753",2018-11-07 17:55:00,"1.5","1","6"
"2754",2018-11-07 18:00:00,"1.5","1","6"
"2755",2018-11-07 18:05:00,"1.5","1","6"
"2756",2018-11-07 18:10:00,"1.5","1","6"
"2757",2018-11-07 18:15:00,"1.5","1","6"
"2758",2018-11-07 18:20:00,"1.5","1","6"
"2759",2018-11-07 18:25:00,"1.5","1","6"
"2760",2018-11-07 18:30:00,"1.5","1","6"
"2761",2018-11-07 18:35:00,"1.5","1","6"
"2762",2018-11-07 18:40:00,"1.5","1","6"
"2763",2018-11-07 18:45:00,"1.5","1","6"
"2764",2018-11-07 18:50:00,"1.5","1","6"
"2765",2018-11-07 18:55:00,"1.5","1","6"
"2766",2018-11-07 19:00:00,"1.5","1","6"
"2767",2018-11-07 19:05:00,"1.5","1","6"
"2768",2018-11-07 19:10:00,"1.5","1","6"
"2769",2018-11-07 19:15:00,"1.5","1","6"
"2770",2018-11-07 19:20:00,"1.5","1","6"
"2771",2018-11-07 19:25:00,"1.5","1","6"
"2772",2018-11-07 19:30:00,"1.5","1","6"
"2773",2018-11-07 19:35:00,"1.5","1","6"
"2774",2018-11-07 19:40:00,"1.5","1","6"
"2775",2018-11-07 19:45:00,"1.5","1","6"
"2776",2018-11-07 19:50:00,"1.5","1","6"
"2777",2018-11-07 19:55:00,"1.5","1","6"
"2778",2018-11-07 20:00:00,"1.5","1","6"
"2779",2018-11-07 20:05:00,"1.5","1","6"
"2780",2018-11-07 20:10:00,"1.5","1","6"
"2781",2018-11-07 20:15:00,"1.5","1","6"
"2782",2018-11-07 20:20:00,"1.5","1","6"
"2783",2018-11-07 20:25:00,"1.5","1","6"
"2784",2018-11-07 20:30:00,"1.5","1","6"
"2785",2018-11-07 20:35:00,"1.5","1","6"
"2786",2018-11-07 20:40:00,"1.5","1","6"
"2787",2018-11-07 20:45:00,"1.5","1","6"
"2788",2018-11-07 20:50:00,"1.5","1","6"
"2789",2018-11-07 20:55:00,"1.5","1","6"
"2790",2018-11-07 21:00:00,"1.5","1","6"
"2791",2018-11-07 21:05:00,"1.5","1","6"
"2792",2018-11-07 21:10:00,"1.5","1","6"
"2793",2018-11-07 21:15:00,"1.5","1","6"
"2794",2018-11-07 21:20:00,"1.5","1","6"
"2795",2018-11-07 21:25:00,"1.5","1","6"
"2796",2018-11-07 21:30:00,"1.5","1","6"
"2797",2018-11-07 21:35:00,"1.5","1","6"
"2798",2018-11-07 21:40:00,"1.5","1","6"
"2799",2018-11-07 21:45:00,"1.5","1","6"
"2800",2018-11-07 21:50:00,"1.5","1","6"
"2801",2018-11-07 21:55:00,"1.5","1","6"
"2802",2018-11-07 22:00:00,"1.5","1","6"
"2803",2018-11-07 22:05:00,"1.5","1","6"
"2804",2018-11-07 22:10:00,"1.5","1","6"
"2805",2018-11-07 22:15:00,"1.5","1","6"
"2806",2018-11-07 22:20:00,"1.5","1","6"
"2807",2018-11-07 22:25:00,"1.5","1","6"
"2808",2018-11-07 22:30:00,"1.5","1","6"
"2809",2018-11-07 22:35:00,"1.5","1","6"
"2810",2018-11-07 22:40:00,"1.5","1","6"
"2811",2018-11-07 22:45:00,"1.5","1","6"
"2812",2018-11-07 22:50:00,"1.5","1","6"
"2813",2018-11-07 22:55:00,"1.5","1","6"
"2814",2018-11-07 23:00:00,"1.5","1","6"
"2815",2018-11-07 23:05:00,"1.5","1","6"
"2816",2018-11-07 23:10:00,"1.5","1","6"
"2817",2018-11-07 23:15:00,"1.5","1","6"
"2818",2018-11-07 23:20:00,"1.5","1","6"
"2819",2018-11-07 23:25:00,"1.5","1","6"
"2820",2018-11-07 23:30:00,"1.5","1","6"
"2821",2018-11-07 23:35:00,"1.5","1","6"
"2822",2018-11-07 23:40:00,"1.5","1","6"
"2823",2018-11-07 23:45:00,"1.5","1","6"
"2824",2018-11-07 23:50:00,"1.5","1","6"
"2825",2018-11-07 23:55:00,"1.5","1","6"
"2826",2018-11-08 00:00:00,"1.5","1","6"
"2827",2018-11-08 00:05:00,"1.5","1","6"
"2828",2018-11-08 00:10:00,"1.5","1","6"
"2829",2018-11-08 00:15:00,"1.5","1","6"
"2830",2018-11-08 00:20:00,"1.5","1","6"
"2831",2018-11-08 00:25:00,"1.5","1","6"
"2832",2018-11-08 00:30:00,"1.5","1","6"
"2833",2018-11-08 00:35:00,"1.5","1","6"
"2834",2018-11-08 00:40:00,"1.5","1","6"
"2835",2018-11-08 00:45:00,"1.5","1","6"
"2836",2018-11-08 00:50:00,"1.5","1","6"
"2837",2018-11-08 00:55:00,"1.5","1","6"
"2838",2018-11-08 01:00:00,"1.5","1","6"
"2839",2018-11-08 01:05:00,"1.5","1","6"
"2840",2018-11-08 01:10:00,"1.5","1","6"
"2841",2018-11-08 01:15:00,"1.5","1","6"
"2842",2018-11-08 01:20:00,"1.5","1","6"
"2843",2018-11-08 01:25:00,"1.5","1","6"
"2844",2018-11-08 01:30:00,"1.5","1","6"
"2845",2018-11-08 01:35:00,"1.5","1","6"
"2846",2018-11-08 01:40:00,"1.5","1","6"
"2847",2018-11-08 01:45:00,"1.5","1","6"
"2848",2018-11-08 01:50:00,"1.5","1","6"
"2849",2018-11-08 01:55:00,"1.5","1","6"
"2850",2018-11-08 02:00:00,"1.5","1","6"
"2851",2018-11-08 02:05:00,"1.5","1","6"
"2852",2018-11-08 02:10:00,"1.5","1","6"
"2853",2018-11-08 02:15:00,"1.5","1","6"
"2854",2018-11-08 02:20:00,"1.5","1","6"
"2855",2018-11-08 02:25:00,"1.5","1","6"
"2856",2018-11-08 02:30:00,"1.5","1","6"
"2857",2018-11-08 02:35:00,"1.5","1","6"
"2858",2018-11-08 02:40:00,"1.5","1","6"
"2859",2018-11-08 02:45:00,"1.5","1","6"
"2860",2018-11-08 02:50:00,"1.5","1","6"
"2861",2018-11-08 02:55:00,"1.5","1","6"
"2862",2018-11-08 03:00:00,"1.5","1","6"
"2863",2018-11-08 03:05:00,"1.5","1","6"
"2864",2018-11-08 03:10:00,"1.5","1","6"
"2865",2018-11-08 03:15:00,"1.5","1","6"
"2866",2018-11-08 03:20:00,"1.5","1","6"
"2867",2018-11-08 03:25:00,"1.5","1","6"
"2868",2018-11-08 03:30:00,"1.5","1","6"
"2869",2018-11-08 03:35:00,"1.5","1","6"
"2870",2018-11-08 03:40:00,"1.5","1","6"
"2871",2018-11-08 03:45:00,"1.5","1","6"
"2872",2018-11-08 03:50:00,"1.5","1","6"
"2873",2018-11-08 03:55:00,"1.5","1","6"
"2874",2018-11-08 04:00:00,"1.5","1","6"
"2875",2018-11-08 04:05:00,"1.5","1","6"
"2876",2018-11-08 04:10:00,"1.5","7.51162790697674","6"
"2877",2018-11-08 04:15:00,"1.5","17.4083526682135","6"
"2878",2018-11-08 04:20:00,"1.5","18.8550522648084","6"
"2879",2018-11-08 04:25:00,"1.5","25.6172600619195","6"
"2880",2018-11-08 04:30:00,"1.5","20.6271777003484","6"
"2881",2018-11-08 04:35:00,"1.5","8.95712754555198","6"
"2882",2018-11-08 04:40:00,"1.5","61.7764303178484","6"
"2883",2018-11-08 04:45:00,"1.5","23.7463444004817","6"
"2884",2018-11-08 04:50:00,"1.5","91.7579034941763","6"
"2885",2018-11-08 04:55:00,"1.5","83.2004129032258","6"
"2886",2018-11-08 05:00:00,"1.5","100.63972500929","6"
"2887",2018-11-08 05:05:00,"1.5","85.9285065131778","6"
"2888",2018-11-08 05:10:00,"1.5","135.738531830643","6"
"2889",2018-11-08 05:15:00,"1.5","63.9955272664717","6"
"2890",2018-11-08 05:20:00,"1.5","71.5139658848614","6"
"2891",2018-11-08 05:25:00,"1.5","68.7878685009827","6"
"2892",2018-11-08 05:30:00,"1.5","36.5035632476457","6"
"2893",2018-11-08 05:35:00,"1.5","509.375436640654","6"
"2894",2018-11-08 05:40:00,"1.5","99.9745900959438","6"
"2895",2018-11-08 05:45:00,"1.5","439.203541935484","6"
"2896",2018-11-08 05:50:00,"1.5","219.604250377424","6"
"2897",2018-11-08 05:55:00,"1.5","109.645131715665","6"
"2898",2018-11-08 06:00:00,"1.5","324.597382300286","6"
"2899",2018-11-08 06:05:00,"1.5","110.78123578652","6"
"2900",2018-11-08 06:10:00,"1.5","154.397198432283","6"
"2901",2018-11-08 06:15:00,"1.5","315.578620783092","6"
"2902",2018-11-08 06:20:00,"1.5","108.590801070029","6"
"2903",2018-11-08 06:25:00,"1.5","298.61582920184","6"
"2904",2018-11-08 06:30:00,"1.5","343.128458928345","6"
"2905",2018-11-08 06:35:00,"1.5","373.034109677419","6"
"2906",2018-11-08 06:40:00,"1.5","359.563891558546","6"
"2907",2018-11-08 06:45:00,"1.5","81.291555838195","6"
"2908",2018-11-08 06:50:00,"1.5","52.7515031186199","6"
"2909",2018-11-08 06:55:00,"1.5","354.110908179155","6"
"2910",2018-11-08 07:00:00,"1.5","748.001727414289","6"
"2911",2018-11-08 07:05:00,"1.5","77.6964511334076","6"
"2912",2018-11-08 07:10:00,"1.5","464.107612208953","6"
"2913",2018-11-08 07:15:00,"1.5","97.8005678651059","6"
"2914",2018-11-08 07:20:00,"1.5","181.942121887774","6"
"2915",2018-11-08 07:25:00,"1.5","513.829237389186","6"
"2916",2018-11-08 07:30:00,"1.5","141.223123076625","6"
"2917",2018-11-08 07:35:00,"1.5","694.402099991532","6"
"2918",2018-11-08 07:40:00,"1.5","55.4733213576114","6"
"2919",2018-11-08 07:45:00,"1.5","1183.1264792373","6"
"2920",2018-11-08 07:50:00,"1.5","208.244700522578","6"
"2921",2018-11-08 07:55:00,"1.5","68.598735483871","6"
"2922",2018-11-08 08:00:00,"1.5","72.9619567584132","6"
"2923",2018-11-08 08:05:00,"1.5","142.82753599521","6"
"2924",2018-11-08 08:10:00,"1.5","321.429650798835","6"
"2925",2018-11-08 08:15:00,"1.5","324.422375162238","6"
"2926",2018-11-08 08:20:00,"1.5","257.556746886699","6"
"2927",2018-11-08 08:25:00,"1.5","110.625302274746","6"
"2928",2018-11-08 08:30:00,"1.5","657.958859582155","6"
"2929",2018-11-08 08:35:00,"1.5","808.953668283353","6"
"2930",2018-11-08 08:40:00,"1.5","1066.07036595615","6"
"2931",2018-11-08 08:45:00,"1.5","908.133192230609","6"
"2932",2018-11-08 08:50:00,"1.5","1090.70267705707","6"
"2933",2018-11-08 08:55:00,"1.5","418.19033165593","6"
"2934",2018-11-08 09:00:00,"1.5","822.083471617389","6"
"2935",2018-11-08 09:05:00,"1.5","161.848604935442","6"
"2936",2018-11-08 09:10:00,"1.5","120.418508671403","6"
"2937",2018-11-08 09:15:00,"1.5","113.285817049863","6"
"2938",2018-11-08 09:20:00,"1.5","1282.55767279484","6"
"2939",2018-11-08 09:25:00,"1.5","170.170705936282","6"
"2940",2018-11-08 09:30:00,"1.5","156.993055685628","6"
"2941",2018-11-08 09:35:00,"1.5","303.048444770607","6"
"2942",2018-11-08 09:40:00,"1.5","82.2097918565173","6"
"2943",2018-11-08 09:45:00,"1.5","1414.82984706309","6"
"2944",2018-11-08 09:50:00,"1.5","95.24847325637","6"
"2945",2018-11-08 09:55:00,"1.5","94.4751080926953","6"
"2946",2018-11-08 10:00:00,"1.5","96.6082870299433","6"
"2947",2018-11-08 10:05:00,"1.5","319.97088470397","6"
"2948",2018-11-08 10:10:00,"1.5","102.968006709623","6"
"2949",2018-11-08 10:15:00,"1.5","1470.56191992597","6"
"2950",2018-11-08 10:20:00,"1.5","395.887186159289","6"
"2951",2018-11-08 10:25:00,"1.5","410.398170983268","6"
"2952",2018-11-08 10:30:00,"1.5","671.310805430365","6"
"2953",2018-11-08 10:35:00,"1.5","172.088303993243","6"
"2954",2018-11-08 10:40:00,"1.5","142.592827945002","6"
"2955",2018-11-08 10:45:00,"1.5","105.928400163946","6"
"2956",2018-11-08 10:50:00,"1.5","673.263063158172","6"
"2957",2018-11-08 10:55:00,"1.5","583.2","6"
"2958",2018-11-08 11:00:00,"1.5","213.621195652174","6"
"2959",2018-11-08 11:05:00,"1.5","169.494421269769","6"
"2960",2018-11-08 11:10:00,"1.5","415.151007582485","6"
"2961",2018-11-08 11:15:00,"1.5","39.5570990359334","6"
"2962",2018-11-08 11:20:00,"1.5","139.406544730621","6"
"2963",2018-11-08 11:25:00,"1.5","1247.97702716349","6"
"2964",2018-11-08 11:30:00,"1.5","147.957941935484","6"
"2965",2018-11-08 11:35:00,"1.5","1858.61358273023","6"
"2966",2018-11-08 11:40:00,"1.5","623.380498797246","6"
"2967",2018-11-08 11:45:00,"1.5","157.712579837822","6"
"2968",2018-11-08 11:50:00,"1.5","237.430582413976","6"
"2969",2018-11-08 11:55:00,"1.5","1425.83536344086","6"
"2970",2018-11-08 12:00:00,"1.5","237.483669618232","6"
"2971",2018-11-08 12:05:00,"1.5","71.1705543774614","6"
"2972",2018-11-08 12:10:00,"1.5","3604.2633534799","6"
"2973",2018-11-08 12:15:00,"1.5","271.98","6"
"2974",2018-11-08 12:20:00,"1.5","651.45574231404","6"
"2975",2018-11-08 12:25:00,"1.5","225.460748685019","6"
"2976",2018-11-08 12:30:00,"1.5","263.978302366091","6"
"2977",2018-11-08 12:35:00,"1.5","265.441901769247","6"
"2978",2018-11-08 12:40:00,"1.5","2194.21985819938","6"
"2979",2018-11-08 12:45:00,"1.5","482.810042735043","6"
"2980",2018-11-08 12:50:00,"1.5","35.6336278349576","6"
"2981",2018-11-08 12:55:00,"1.5","297.603267659779","6"
"2982",2018-11-08 13:00:00,"1.5","407.87324516129","6"
"2983",2018-11-08 13:05:00,"1.5","222.207540126913","6"
"2984",2018-11-08 13:10:00,"1.5","3065.4650780379","6"
"2985",2018-11-08 13:15:00,"1.5","3005.52380241384","6"
"2986",2018-11-08 13:20:00,"1.5","222.637195163604","6"
"2987",2018-11-08 13:25:00,"1.5","115.563043923765","6"
"2988",2018-11-08 13:30:00,"1.5","73.1683698510079","6"
"2989",2018-11-08 13:35:00,"1.5","28.3665814369726","6"
"2990",2018-11-08 13:40:00,"1.5","2681.44377026177","6"
"2991",2018-11-08 13:45:00,"1.5","599.440833993138","6"
"2992",2018-11-08 13:50:00,"1.5","489.507751712925","6"
"2993",2018-11-08 13:55:00,"1.5","221.568348387097","6"
"2994",2018-11-08 14:00:00,"1.5","490.013548636841","6"
"2995",2018-11-08 14:05:00,"1.5","942.76931484391","6"
"2996",2018-11-08 14:10:00,"1.5","419.090593374993","6"
"2997",2018-11-08 14:15:00,"1.5","256.969110175642","6"
"2998",2018-11-08 14:20:00,"1.5","481.254185062546","6"
"2999",2018-11-08 14:25:00,"1.5","2370.39562687688","6"
"3000",2018-11-08 14:30:00,"1.5","1491.85404267673","6"
"3001",2018-11-08 14:35:00,"1.5","147.4913903572","6"
"3002",2018-11-08 14:40:00,"1.5","155.286645824029","6"
"3003",2018-11-08 14:45:00,"1.5","191.605012877116","6"
"3004",2018-11-08 14:50:00,"1.5","436.508809121622","6"
"3005",2018-11-08 14:55:00,"1.5","222.662720103705","6"
"3006",2018-11-08 15:00:00,"1.5","109.564427090346","6"
"3007",2018-11-08 15:05:00,"1.5","176.451853781367","6"
"3008",2018-11-08 15:10:00,"1.5","48.939315403423","6"
"3009",2018-11-08 15:15:00,"1.5","68.3860051393556","6"
"3010",2018-11-08 15:20:00,"1.5","173.105584051098","6"
"3011",2018-11-08 15:25:00,"1.5","333.549665254816","6"
"3012",2018-11-08 15:30:00,"1.5","21.5509504073174","6"
"3013",2018-11-08 15:35:00,"1.5","263.788226100547","6"
"3014",2018-11-08 15:40:00,"1.5","122.125147520402","6"
"3015",2018-11-08 15:45:00,"1.5","478.335686794957","6"
"3016",2018-11-08 15:50:00,"1.5","34.1778709677419","6"
"3017",2018-11-08 15:55:00,"1.5","69.4877449732757","6"
"3018",2018-11-08 16:00:00,"1.5","10.1276509796001","6"
"3019",2018-11-08 16:05:00,"1.5","11.8615229246617","6"
"3020",2018-11-08 16:10:00,"1.5","59.0616871704745","6"
"3021",2018-11-08 16:15:00,"1.5","46.8307306050716","6"
"3022",2018-11-08 16:20:00,"1.5","42.3963915684173","6"
"3023",2018-11-08 16:25:00,"1.5","5.81621621621622","6"
"3024",2018-11-08 16:30:00,"1.5","4.99075221238938","6"
"3025",2018-11-08 16:35:00,"1.5","5.5","6"
"3026",2018-11-08 16:40:00,"1.5","5.72358827734096","6"
"3027",2018-11-08 16:45:00,"1.5","5.95325077399381","6"
"3028",2018-11-08 16:50:00,"1.5","17.6639318885449","6"
"3029",2018-11-08 16:55:00,"1.5","1.10340557275542","6"
"3030",2018-11-08 17:00:00,"1.5","13.7574074074074","6"
"3031",2018-11-08 17:05:00,"1.5","1","6"
"3032",2018-11-08 17:10:00,"1.5","1","6"
"3033",2018-11-08 17:15:00,"1.5","1","6"
"3034",2018-11-08 17:20:00,"1.5","1","6"
"3035",2018-11-08 17:25:00,"1.5","1","6"
"3036",2018-11-08 17:30:00,"1.5","1","6"
"3037",2018-11-08 17:35:00,"1.5","1","6"
"3038",2018-11-08 17:40:00,"1.5","1","6"
"3039",2018-11-08 17:45:00,"1.5","1","6"
"3040",2018-11-08 17:50:00,"1.5","1","6"
"3041",2018-11-08 17:55:00,"1.5","1","6"
"3042",2018-11-08 18:00:00,"1.5","1","6"
"3043",2018-11-08 18:05:00,"1.5","1","6"
"3044",2018-11-08 18:10:00,"1.5","1","6"
"3045",2018-11-08 18:15:00,"1.5","1","6"
"3046",2018-11-08 18:20:00,"1.5","1","6"
"3047",2018-11-08 18:25:00,"1.5","1","6"
"3048",2018-11-08 18:30:00,"1.5","1","6"
"3049",2018-11-08 18:35:00,"1.5","1","6"
"3050",2018-11-08 18:40:00,"1.5","1","6"
"3051",2018-11-08 18:45:00,"1.5","1","6"
"3052",2018-11-08 18:50:00,"1.5","1","6"
"3053",2018-11-08 18:55:00,"1.5","1","6"
"3054",2018-11-08 19:00:00,"1.5","1","6"
"3055",2018-11-08 19:05:00,"1.5","1","6"
"3056",2018-11-08 19:10:00,"1.5","1","6"
"3057",2018-11-08 19:15:00,"1.5","1","6"
"3058",2018-11-08 19:20:00,"1.5","1","6"
"3059",2018-11-08 19:25:00,"1.5","1","6"
"3060",2018-11-08 19:30:00,"1.5","1","6"
"3061",2018-11-08 19:35:00,"1.5","1","6"
"3062",2018-11-08 19:40:00,"1.5","1","6"
"3063",2018-11-08 19:45:00,"1.5","1","6"
"3064",2018-11-08 19:50:00,"1.5","1","6"
"3065",2018-11-08 19:55:00,"1.5","1","6"
"3066",2018-11-08 20:00:00,"1.5","1","6"
"3067",2018-11-08 20:05:00,"1.5","1","6"
"3068",2018-11-08 20:10:00,"1.5","1","6"
"3069",2018-11-08 20:15:00,"1.5","1","6"
"3070",2018-11-08 20:20:00,"1.5","1","6"
"3071",2018-11-08 20:25:00,"1.5","1","6"
"3072",2018-11-08 20:30:00,"1.5","1","6"
"3073",2018-11-08 20:35:00,"1.5","1","6"
"3074",2018-11-08 20:40:00,"1.5","1","6"
"3075",2018-11-08 20:45:00,"1.5","1","6"
"3076",2018-11-08 20:50:00,"1.5","1","6"
"3077",2018-11-08 20:55:00,"1.5","1","6"
"3078",2018-11-08 21:00:00,"1.5","1","6"
"3079",2018-11-08 21:05:00,"1.5","1","6"
"3080",2018-11-08 21:10:00,"1.5","1","6"
"3081",2018-11-08 21:15:00,"1.5","1","6"
"3082",2018-11-08 21:20:00,"1.5","1","6"
"3083",2018-11-08 21:25:00,"1.5","1","6"
"3084",2018-11-08 21:30:00,"1.5","1","6"
"3085",2018-11-08 21:35:00,"1.5","1","6"
"3086",2018-11-08 21:40:00,"1.5","1","6"
"3087",2018-11-08 21:45:00,"1.5","1","6"
"3088",2018-11-08 21:50:00,"1.5","1","6"
"3089",2018-11-08 21:55:00,"1.5","1","6"
"3090",2018-11-08 22:00:00,"1.5","1","6"
"3091",2018-11-08 22:05:00,"1.5","1","6"
"3092",2018-11-08 22:10:00,"1.5","1","6"
"3093",2018-11-08 22:15:00,"1.5","1","6"
"3094",2018-11-08 22:20:00,"1.5","1","6"
"3095",2018-11-08 22:25:00,"1.5","1","6"
"3096",2018-11-08 22:30:00,"1.5","1","6"
"3097",2018-11-08 22:35:00,"1.5","1","6"
"3098",2018-11-08 22:40:00,"1.5","1","6"
"3099",2018-11-08 22:45:00,"1.5","1","6"
"3100",2018-11-08 22:50:00,"1.5","1","6"
"3101",2018-11-08 22:55:00,"1.5","1","6"
"3102",2018-11-08 23:00:00,"1.5","1","6"
"3103",2018-11-08 23:05:00,"1.5","1","6"
"3104",2018-11-08 23:10:00,"1.5","1","6"
"3105",2018-11-08 23:15:00,"1.5","1","6"
"3106",2018-11-08 23:20:00,"1.5","1","6"
"3107",2018-11-08 23:25:00,"1.5","1","6"
"3108",2018-11-08 23:30:00,"1.5","1","6"
"3109",2018-11-08 23:35:00,"1.5","1","6"
"3110",2018-11-08 23:40:00,"1.5","1","6"
"3111",2018-11-08 23:45:00,"1.5","1","6"
"3112",2018-11-08 23:50:00,"1.5","1","6"
"3113",2018-11-08 23:55:00,"1.5","1","6"
"3114",2018-11-09 00:00:00,"1.5","1","6"
"3115",2018-11-09 00:05:00,"1.5","1","6"
"3116",2018-11-09 00:10:00,"1.5","1","6"
"3117",2018-11-09 00:15:00,"1.5","1","6"
"3118",2018-11-09 00:20:00,"1.5","1","6"
"3119",2018-11-09 00:25:00,"1.5","1","6"
"3120",2018-11-09 00:30:00,"1.5","1","6"
"3121",2018-11-09 00:35:00,"1.5","1","6"
"3122",2018-11-09 00:40:00,"1.5","1","6"
"3123",2018-11-09 00:45:00,"1.5","1","6"
"3124",2018-11-09 00:50:00,"1.5","1","6"
"3125",2018-11-09 00:55:00,"1.5","1","6"
"3126",2018-11-09 01:00:00,"1.5","1","6"
"3127",2018-11-09 01:05:00,"1.5","1","6"
"3128",2018-11-09 01:10:00,"1.5","1","6"
"3129",2018-11-09 01:15:00,"1.5","1","6"
"3130",2018-11-09 01:20:00,"1.5","1","6"
"3131",2018-11-09 01:25:00,"1.5","1","6"
"3132",2018-11-09 01:30:00,"1.5","1","6"
"3133",2018-11-09 01:35:00,"1.5","1","6"
"3134",2018-11-09 01:40:00,"1.5","1","6"
"3135",2018-11-09 01:45:00,"1.5","1","6"
"3136",2018-11-09 01:50:00,"1.5","1","6"
"3137",2018-11-09 01:55:00,"1.5","1","6"
"3138",2018-11-09 02:00:00,"1.5","1","6"
"3139",2018-11-09 02:05:00,"1.5","1","6"
"3140",2018-11-09 02:10:00,"1.5","1","6"
"3141",2018-11-09 02:15:00,"1.5","1","6"
"3142",2018-11-09 02:20:00,"1.5","1","6"
"3143",2018-11-09 02:25:00,"1.5","1","6"
"3144",2018-11-09 02:30:00,"1.5","1","6"
"3145",2018-11-09 02:35:00,"1.5","1","6"
"3146",2018-11-09 02:40:00,"1.5","1","6"
"3147",2018-11-09 02:45:00,"1.5","1","6"
"3148",2018-11-09 02:50:00,"1.5","1","6"
"3149",2018-11-09 02:55:00,"1.5","1","6"
"3150",2018-11-09 03:00:00,"1.5","1","6"
"3151",2018-11-09 03:05:00,"1.5","1","6"
"3152",2018-11-09 03:10:00,"1.5","1","6"
"3153",2018-11-09 03:15:00,"1.5","1","6"
"3154",2018-11-09 03:20:00,"1.5","1","6"
"3155",2018-11-09 03:25:00,"1.5","1","6"
"3156",2018-11-09 03:30:00,"1.5","1","6"
"3157",2018-11-09 03:35:00,"1.5","1","6"
"3158",2018-11-09 03:40:00,"1.5","1","6"
"3159",2018-11-09 03:45:00,"1.5","1","6"
"3160",2018-11-09 03:50:00,"1.5","1","6"
"3161",2018-11-09 03:55:00,"1.5","1","6"
"3162",2018-11-09 04:00:00,"1.5","1","6"
"3163",2018-11-09 04:05:00,"1.5","1","6"
"3164",2018-11-09 04:10:00,"1.5","1.20558139534884","6"
"3165",2018-11-09 04:15:00,"1.5","10.4014869888476","6"
"3166",2018-11-09 04:20:00,"1.5","3.5616724738676","6"
"3167",2018-11-09 04:25:00,"1.5","5.1408095554081","6"
"3168",2018-11-09 04:30:00,"1.5","24.2108196721312","6"
"3169",2018-11-09 04:35:00,"1.5","5.24878048780488","6"
"3170",2018-11-09 04:40:00,"1.5","37.0047253634895","6"
"3171",2018-11-09 04:45:00,"1.5","16.8190367842245","6"
"3172",2018-11-09 04:50:00,"1.5","101.853654688869","6"
"3173",2018-11-09 04:55:00,"1.5","47.4960801393728","6"
"3174",2018-11-09 05:00:00,"1.5","19.9571253286591","6"
"3175",2018-11-09 05:05:00,"1.5","30.5110528823249","6"
"3176",2018-11-09 05:10:00,"1.5","75.7333333333333","6"
"3177",2018-11-09 05:15:00,"1.5","41.7558934533314","6"
"3178",2018-11-09 05:20:00,"1.5","58.784639746635","6"
"3179",2018-11-09 05:25:00,"1.5","141.681430728138","6"
"3180",2018-11-09 05:30:00,"1.5","34.5194157845371","6"
"3181",2018-11-09 05:35:00,"1.5","53.058120887021","6"
"3182",2018-11-09 05:40:00,"1.5","157.648947123945","6"
"3183",2018-11-09 05:45:00,"1.5","161.915495083998","6"
"3184",2018-11-09 05:50:00,"1.5","37.6006129032258","6"
"3185",2018-11-09 05:55:00,"1.5","84.1063671311869","6"
"3186",2018-11-09 06:00:00,"1.5","157.859083106129","6"
"3187",2018-11-09 06:05:00,"1.5","204.255901228531","6"
"3188",2018-11-09 06:10:00,"1.5","67.6558571635941","6"
"3189",2018-11-09 06:15:00,"1.5","44.1085019253102","6"
"3190",2018-11-09 06:20:00,"1.5","108.098999361294","6"
"3191",2018-11-09 06:25:00,"1.5","343.428607718967","6"
"3192",2018-11-09 06:30:00,"1.5","68.7657636406525","6"
"3193",2018-11-09 06:35:00,"1.5","167.248381477718","6"
"3194",2018-11-09 06:40:00,"1.5","262.824194917147","6"
"3195",2018-11-09 06:45:00,"1.5","442.879330645161","6"
"3196",2018-11-09 06:50:00,"1.5","76.7366935483871","6"
"3197",2018-11-09 06:55:00,"1.5","61.9","6"
"3198",2018-11-09 07:00:00,"1.5","370.055224375812","6"
"3199",2018-11-09 07:05:00,"1.5","95.3154044167457","6"
"3200",2018-11-09 07:10:00,"1.5","65.1208283794619","6"
"3201",2018-11-09 07:15:00,"1.5","29.2536164282811","6"
"3202",2018-11-09 07:20:00,"1.5","79.6889459454555","6"
"3203",2018-11-09 07:25:00,"1.5","81.1019103028614","6"
"3204",2018-11-09 07:30:00,"1.5","195.020539222328","6"
"3205",2018-11-09 07:35:00,"1.5","558.6","6"
"3206",2018-11-09 07:40:00,"1.5","183.931355576822","6"
"3207",2018-11-09 07:45:00,"1.5","156.2","6"
"3208",2018-11-09 07:50:00,"1.5","395.376316383695","6"
"3209",2018-11-09 07:55:00,"1.5","536.794236293625","6"
"3210",2018-11-09 08:00:00,"1.5","474.369477747551","6"
"3211",2018-11-09 08:05:00,"1.5","349.284549605426","6"
"3212",2018-11-09 08:10:00,"1.5","153.097357175907","6"
"3213",2018-11-09 08:15:00,"1.5","107.861427419355","6"
"3214",2018-11-09 08:20:00,"1.5","94.7692722934415","6"
"3215",2018-11-09 08:25:00,"1.5","140.680030068951","6"
"3216",2018-11-09 08:30:00,"1.5","69.348082506152","6"
"3217",2018-11-09 08:35:00,"1.5","770.8","6"
"3218",2018-11-09 08:40:00,"1.5","671.058269007446","6"
"3219",2018-11-09 08:45:00,"1.5","761","6"
"3220",2018-11-09 08:50:00,"1.5","646","6"
"3221",2018-11-09 08:55:00,"1.5","131.034098784394","6"
"3222",2018-11-09 09:00:00,"1.5","140.602950167361","6"
"3223",2018-11-09 09:05:00,"1.5","108.675125200603","6"
"3224",2018-11-09 09:10:00,"1.5","881.348462267985","6"
"3225",2018-11-09 09:15:00,"1.5","153.671900403033","6"
"3226",2018-11-09 09:20:00,"1.5","111.623418528695","6"
"3227",2018-11-09 09:25:00,"1.5","277","6"
"3228",2018-11-09 09:30:00,"1.5","118.828784955702","6"
"3229",2018-11-09 09:35:00,"1.5","1853.1188971511","6"
"3230",2018-11-09 09:40:00,"1.5","955.076229185787","6"
"3231",2018-11-09 09:45:00,"1.5","1037.13140131681","6"
"3232",2018-11-09 09:50:00,"1.5","362.99789229206","6"
"3233",2018-11-09 09:55:00,"1.5","203.816446668086","6"
"3234",2018-11-09 10:00:00,"1.5","922.057521212235","6"
"3235",2018-11-09 10:05:00,"1.5","503.417246635108","6"
"3236",2018-11-09 10:10:00,"1.5","60.4224375038201","6"
"3237",2018-11-09 10:15:00,"1.5","96.3734455895873","6"
"3238",2018-11-09 10:20:00,"1.5","292.110752130726","6"
"3239",2018-11-09 10:25:00,"1.5","1067.89150989409","6"
"3240",2018-11-09 10:30:00,"1.5","249.110039676993","6"
"3241",2018-11-09 10:35:00,"1.5","53.2359819554245","6"
"3242",2018-11-09 10:40:00,"1.5","153.04127519562","6"
"3243",2018-11-09 10:45:00,"1.5","347.19828182322","6"
"3244",2018-11-09 10:50:00,"1.5","577.8","6"
"3245",2018-11-09 10:55:00,"1.5","133.720108064516","6"
"3246",2018-11-09 11:00:00,"1.5","143.909071554377","6"
"3247",2018-11-09 11:05:00,"1.5","249.638003302426","6"
"3248",2018-11-09 11:10:00,"1.5","279.605073397325","6"
"3249",2018-11-09 11:15:00,"1.5","142.755974193548","6"
"3250",2018-11-09 11:20:00,"1.5","542.266666666667","6"
"3251",2018-11-09 11:25:00,"1.5","2878.72375016935","6"
"3252",2018-11-09 11:30:00,"1.5","925.867226663054","6"
"3253",2018-11-09 11:35:00,"1.5","418.782939082578","6"
"3254",2018-11-09 11:40:00,"1.5","104.329772043011","6"
"3255",2018-11-09 11:45:00,"1.5","484.731490910715","6"
"3256",2018-11-09 11:50:00,"1.5","215.947005225781","6"
"3257",2018-11-09 11:55:00,"1.5","177.963623167368","6"
"3258",2018-11-09 12:00:00,"1.5","716.978334081132","6"
"3259",2018-11-09 12:05:00,"1.5","230.163563730955","6"
"3260",2018-11-09 12:10:00,"1.5","243.141176470588","6"
"3261",2018-11-09 12:15:00,"1.5","2061.8996945293","6"
"3262",2018-11-09 12:20:00,"1.5","176.746741935484","6"
"3263",2018-11-09 12:25:00,"1.5","1496.73731434509","6"
"3264",2018-11-09 12:30:00,"1.5","829.891322580645","6"
"3265",2018-11-09 12:35:00,"1.5","989.551130541704","6"
"3266",2018-11-09 12:40:00,"1.5","214.322951612903","6"
"3267",2018-11-09 12:45:00,"1.5","3193.96522717376","6"
"3268",2018-11-09 12:50:00,"1.5","731.385844236278","6"
"3269",2018-11-09 12:55:00,"1.5","168.535321221202","6"
"3270",2018-11-09 13:00:00,"1.5","541.765898269655","6"
"3271",2018-11-09 13:05:00,"1.5","2282.41227096774","6"
"3272",2018-11-09 13:10:00,"1.5","252.238993548387","6"
"3273",2018-11-09 13:15:00,"1.5","603.528724639661","6"
"3274",2018-11-09 13:20:00,"1.5","2895.37288430832","6"
"3275",2018-11-09 13:25:00,"1.5","387.58867009997","6"
"3276",2018-11-09 13:30:00,"1.5","486.116129032258","6"
"3277",2018-11-09 13:35:00,"1.5","214.572615163413","6"
"3278",2018-11-09 13:40:00,"1.5","184.447419354839","6"
"3279",2018-11-09 13:45:00,"1.5","2048.80531877831","6"
"3280",2018-11-09 13:50:00,"1.5","2009.72320964442","6"
"3281",2018-11-09 13:55:00,"1.5","164.531883637208","6"
"3282",2018-11-09 14:00:00,"1.5","1567.05703941526","6"
"3283",2018-11-09 14:05:00,"1.5","345.708114975385","6"
"3284",2018-11-09 14:10:00,"1.5","91.6726679221594","6"
"3285",2018-11-09 14:15:00,"1.5","526.962251519913","6"
"3286",2018-11-09 14:20:00,"1.5","169.719436783278","6"
"3287",2018-11-09 14:25:00,"1.5","159.725791334375","6"
"3288",2018-11-09 14:30:00,"1.5","164.396353642487","6"
"3289",2018-11-09 14:35:00,"1.5","1817.70543710021","6"
"3290",2018-11-09 14:40:00,"1.5","32.6683904931486","6"
"3291",2018-11-09 14:45:00,"1.5","127.720329762303","6"
"3292",2018-11-09 14:50:00,"1.5","289.461223760607","6"
"3293",2018-11-09 14:55:00,"1.5","359.278716216216","6"
"3294",2018-11-09 15:00:00,"1.5","126.846490322581","6"
"3295",2018-11-09 15:05:00,"1.5","35.1944874574172","6"
"3296",2018-11-09 15:10:00,"1.5","108.543085958356","6"
"3297",2018-11-09 15:15:00,"1.5","30.043901791639","6"
"3298",2018-11-09 15:20:00,"1.5","253.797481970419","6"
"3299",2018-11-09 15:25:00,"1.5","157.990343478792","6"
"3300",2018-11-09 15:30:00,"1.5","61.0899814206088","6"
"3301",2018-11-09 15:35:00,"1.5","492.791058208739","6"
"3302",2018-11-09 15:40:00,"1.5","40.5396721311475","6"
"3303",2018-11-09 15:45:00,"1.5","106.196084936961","6"
"3304",2018-11-09 15:50:00,"1.5","77.3188247590292","6"
"3305",2018-11-09 15:55:00,"1.5","55.7915492957747","6"
"3306",2018-11-09 16:00:00,"1.5","22.9485391140434","6"
"3307",2018-11-09 16:05:00,"1.5","80.0054652274901","6"
"3308",2018-11-09 16:10:00,"1.5","194.123940390942","6"
"3309",2018-11-09 16:15:00,"1.5","8.85808671713696","6"
"3310",2018-11-09 16:20:00,"1.5","47.8122619600557","6"
"3311",2018-11-09 16:25:00,"1.5","23.7555743243243","6"
"3312",2018-11-09 16:30:00,"1.5","5.35","6"
"3313",2018-11-09 16:35:00,"1.5","21.0418118466899","6"
"3314",2018-11-09 16:40:00,"1.5","12.45","6"
"3315",2018-11-09 16:45:00,"1.5","9.67316821465428","6"
"3316",2018-11-09 16:50:00,"1.5","12.5","6"
"3317",2018-11-09 16:55:00,"1.5","1.10340557275542","6"
"3318",2018-11-09 17:00:00,"1.5","6.8787037037037","6"
"3319",2018-11-09 17:05:00,"1.5","1","6"
"3320",2018-11-09 17:10:00,"1.5","1","6"
"3321",2018-11-09 17:15:00,"1.5","1","6"
"3322",2018-11-09 17:20:00,"1.5","1","6"
"3323",2018-11-09 17:25:00,"1.5","1","6"
"3324",2018-11-09 17:30:00,"1.5","1","6"
"3325",2018-11-09 17:35:00,"1.5","1","6"
"3326",2018-11-09 17:40:00,"1.5","1","6"
"3327",2018-11-09 17:45:00,"1.5","1","6"
"3328",2018-11-09 17:50:00,"1.5","1","6"
"3329",2018-11-09 17:55:00,"1.5","1","6"
"3330",2018-11-09 18:00:00,"1.5","1","6"
"3331",2018-11-09 18:05:00,"1.5","1","6"
"3332",2018-11-09 18:10:00,"1.5","1","6"
"3333",2018-11-09 18:15:00,"1.5","1","6"
"3334",2018-11-09 18:20:00,"1.5","1","6"
"3335",2018-11-09 18:25:00,"1.5","1","6"
"3336",2018-11-09 18:30:00,"1.5","1","6"
"3337",2018-11-09 18:35:00,"1.5","1","6"
"3338",2018-11-09 18:40:00,"1.5","1","6"
"3339",2018-11-09 18:45:00,"1.5","1","6"
"3340",2018-11-09 18:50:00,"1.5","1","6"
"3341",2018-11-09 18:55:00,"1.5","1","6"
"3342",2018-11-09 19:00:00,"1.5","1","6"
"3343",2018-11-09 19:05:00,"1.5","1","6"
"3344",2018-11-09 19:10:00,"1.5","1","6"
"3345",2018-11-09 19:15:00,"1.5","1","6"
"3346",2018-11-09 19:20:00,"1.5","1","6"
"3347",2018-11-09 19:25:00,"1.5","1","6"
"3348",2018-11-09 19:30:00,"1.5","1","6"
"3349",2018-11-09 19:35:00,"1.5","1","6"
"3350",2018-11-09 19:40:00,"1.5","1","6"
"3351",2018-11-09 19:45:00,"1.5","1","6"
"3352",2018-11-09 19:50:00,"1.5","1","6"
"3353",2018-11-09 19:55:00,"1.5","1","6"
"3354",2018-11-09 20:00:00,"1.5","1","6"
"3355",2018-11-09 20:05:00,"1.5","1","6"
"3356",2018-11-09 20:10:00,"1.5","1","6"
"3357",2018-11-09 20:15:00,"1.5","1","6"
"3358",2018-11-09 20:20:00,"1.5","1","6"
"3359",2018-11-09 20:25:00,"1.5","1","6"
"3360",2018-11-09 20:30:00,"1.5","1","6"
"3361",2018-11-09 20:35:00,"1.5","1","6"
"3362",2018-11-09 20:40:00,"1.5","1","6"
"3363",2018-11-09 20:45:00,"1.5","1","6"
"3364",2018-11-09 20:50:00,"1.5","1","6"
"3365",2018-11-09 20:55:00,"1.5","1","6"
"3366",2018-11-09 21:00:00,"1.5","1","6"
"3367",2018-11-09 21:05:00,"1.5","1","6"
"3368",2018-11-09 21:10:00,"1.5","1","6"
"3369",2018-11-09 21:15:00,"1.5","1","6"
"3370",2018-11-09 21:20:00,"1.5","1","6"
"3371",2018-11-09 21:25:00,"1.5","1","6"
"3372",2018-11-09 21:30:00,"1.5","1","6"
"3373",2018-11-09 21:35:00,"1.5","1","6"
"3374",2018-11-09 21:40:00,"1.5","1","6"
"3375",2018-11-09 21:45:00,"1.5","1","6"
"3376",2018-11-09 21:50:00,"1.5","1","6"
"3377",2018-11-09 21:55:00,"1.5","1","6"
"3378",2018-11-09 22:00:00,"1.5","1","6"
"3379",2018-11-09 22:05:00,"1.5","1","6"
"3380",2018-11-09 22:10:00,"1.5","1","6"
"3381",2018-11-09 22:15:00,"1.5","1","6"
"3382",2018-11-09 22:20:00,"1.5","1","6"
"3383",2018-11-09 22:25:00,"1.5","1","6"
"3384",2018-11-09 22:30:00,"1.5","1","6"
"3385",2018-11-09 22:35:00,"1.5","1","6"
"3386",2018-11-09 22:40:00,"1.5","1","6"
"3387",2018-11-09 22:45:00,"1.5","1","6"
"3388",2018-11-09 22:50:00,"1.5","1","6"
"3389",2018-11-09 22:55:00,"1.5","1","6"
"3390",2018-11-09 23:00:00,"1.5","1","6"
"3391",2018-11-09 23:05:00,"1.5","1","6"
"3392",2018-11-09 23:10:00,"1.5","1","6"
"3393",2018-11-09 23:15:00,"1.5","1","6"
"3394",2018-11-09 23:20:00,"1.5","1","6"
"3395",2018-11-09 23:25:00,"1.5","1","6"
"3396",2018-11-09 23:30:00,"1.5","1","6"
"3397",2018-11-09 23:35:00,"1.5","1","6"
"3398",2018-11-09 23:40:00,"1.5","1","6"
"3399",2018-11-09 23:45:00,"1.5","1","6"
"3400",2018-11-09 23:50:00,"1.5","1","6"
"3401",2018-11-09 23:55:00,"1.5","1","6"
"3402",2018-11-10 00:00:00,"1.5","1","6"
"3403",2018-11-10 00:05:00,"1.5","1","6"
"3404",2018-11-10 00:10:00,"1.5","1","6"
"3405",2018-11-10 00:15:00,"1.5","1","6"
"3406",2018-11-10 00:20:00,"1.5","1","6"
"3407",2018-11-10 00:25:00,"1.5","1","6"
"3408",2018-11-10 00:30:00,"1.5","1","6"
"3409",2018-11-10 00:35:00,"1.5","1","6"
"3410",2018-11-10 00:40:00,"1.5","1","6"
"3411",2018-11-10 00:45:00,"1.5","1","6"
"3412",2018-11-10 00:50:00,"1.5","1","6"
"3413",2018-11-10 00:55:00,"1.5","1","6"
"3414",2018-11-10 01:00:00,"1.5","1","6"
"3415",2018-11-10 01:05:00,"1.5","1","6"
"3416",2018-11-10 01:10:00,"1.5","1","6"
"3417",2018-11-10 01:15:00,"1.5","1","6"
"3418",2018-11-10 01:20:00,"1.5","1","6"
"3419",2018-11-10 01:25:00,"1.5","1","6"
"3420",2018-11-10 01:30:00,"1.5","1","6"
"3421",2018-11-10 01:35:00,"1.5","1","6"
"3422",2018-11-10 01:40:00,"1.5","1","6"
"3423",2018-11-10 01:45:00,"1.5","1","6"
"3424",2018-11-10 01:50:00,"1.5","1","6"
"3425",2018-11-10 01:55:00,"1.5","1","6"
"3426",2018-11-10 02:00:00,"1.5","1","6"
"3427",2018-11-10 02:05:00,"1.5","1","6"
"3428",2018-11-10 02:10:00,"1.5","1","6"
"3429",2018-11-10 02:15:00,"1.5","1","6"
"3430",2018-11-10 02:20:00,"1.5","1","6"
"3431",2018-11-10 02:25:00,"1.5","1","6"
"3432",2018-11-10 02:30:00,"1.5","1","6"
"3433",2018-11-10 02:35:00,"1.5","1","6"
"3434",2018-11-10 02:40:00,"1.5","1","6"
"3435",2018-11-10 02:45:00,"1.5","1","6"
"3436",2018-11-10 02:50:00,"1.5","1","6"
"3437",2018-11-10 02:55:00,"1.5","1","6"
"3438",2018-11-10 03:00:00,"1.5","1","6"
"3439",2018-11-10 03:05:00,"1.5","1","6"
"3440",2018-11-10 03:10:00,"1.5","1","6"
"3441",2018-11-10 03:15:00,"1.5","1","6"
"3442",2018-11-10 03:20:00,"1.5","1","6"
"3443",2018-11-10 03:25:00,"1.5","1","6"
"3444",2018-11-10 03:30:00,"1.5","1","6"
"3445",2018-11-10 03:35:00,"1.5","1","6"
"3446",2018-11-10 03:40:00,"1.5","1","6"
"3447",2018-11-10 03:45:00,"1.5","1","6"
"3448",2018-11-10 03:50:00,"1.5","1","6"
"3449",2018-11-10 03:55:00,"1.5","1","6"
"3450",2018-11-10 04:00:00,"1.5","1","6"
"3451",2018-11-10 04:05:00,"1.5","1","6"
"3452",2018-11-10 04:10:00,"1.5","1.25581395348837","6"
"3453",2018-11-10 04:15:00,"1.5","0.903345724907063","6"
"3454",2018-11-10 04:20:00,"1.5","12.353624535316","6"
"3455",2018-11-10 04:25:00,"1.5","20.7593188854489","6"
"3456",2018-11-10 04:30:00,"1.5","13.7473008849558","6"
"3457",2018-11-10 04:35:00,"1.5","18.0989750160154","6"
"3458",2018-11-10 04:40:00,"1.5","23.5957981418919","6"
"3459",2018-11-10 04:45:00,"1.5","8.30664845173042","6"
"3460",2018-11-10 04:50:00,"1.5","31.3844903225806","6"
"3461",2018-11-10 04:55:00,"1.5","28.7341456846641","6"
"3462",2018-11-10 05:00:00,"1.5","45.3307810107198","6"
"3463",2018-11-10 05:05:00,"1.5","74.6658018078339","6"
"3464",2018-11-10 05:10:00,"1.5","30.2114663542015","6"
"3465",2018-11-10 05:15:00,"1.5","27.9260387096774","6"
"3466",2018-11-10 05:20:00,"1.5","164.403181976542","6"
"3467",2018-11-10 05:25:00,"1.5","120.416631323841","6"
"3468",2018-11-10 05:30:00,"1.5","117.614127957932","6"
"3469",2018-11-10 05:35:00,"1.5","104.863300243491","6"
"3470",2018-11-10 05:40:00,"1.5","351.593414497097","6"
"3471",2018-11-10 05:45:00,"1.5","188.811057482944","6"
"3472",2018-11-10 05:50:00,"1.5","225.328506814987","6"
"3473",2018-11-10 05:55:00,"1.5","39.5046976525562","6"
"3474",2018-11-10 06:00:00,"1.5","93.7369526775581","6"
"3475",2018-11-10 06:05:00,"1.5","141.4726068252","6"
"3476",2018-11-10 06:10:00,"1.5","235","6"
"3477",2018-11-10 06:15:00,"1.5","413.599341275403","6"
"3478",2018-11-10 06:20:00,"1.5","391.332575918865","6"
"3479",2018-11-10 06:25:00,"1.5","262.241169286215","6"
"3480",2018-11-10 06:30:00,"1.5","308.028105096986","6"
"3481",2018-11-10 06:35:00,"1.5","298.846553225806","6"
"3482",2018-11-10 06:40:00,"1.5","31.5380584015434","6"
"3483",2018-11-10 06:45:00,"1.5","993.598798072271","6"
"3484",2018-11-10 06:50:00,"1.5","457.115467741935","6"
"3485",2018-11-10 06:55:00,"1.5","86.9009898526281","6"
"3486",2018-11-10 07:00:00,"1.5","154.283981253629","6"
"3487",2018-11-10 07:05:00,"1.5","58.1575347934169","6"
"3488",2018-11-10 07:10:00,"1.5","938.944319657728","6"
"3489",2018-11-10 07:15:00,"1.5","55.3147272295389","6"
"3490",2018-11-10 07:20:00,"1.5","41.5648864269788","6"
"3491",2018-11-10 07:25:00,"1.5","62.1120461070311","6"
"3492",2018-11-10 07:30:00,"1.5","555.520335997832","6"
"3493",2018-11-10 07:35:00,"1.5","434.841522134171","6"
"3494",2018-11-10 07:40:00,"1.5","128.464374513972","6"
"3495",2018-11-10 07:45:00,"1.5","49.3549557744789","6"
"3496",2018-11-10 07:50:00,"1.5","389.551570759795","6"
"3497",2018-11-10 07:55:00,"1.5","336.344536264192","6"
"3498",2018-11-10 08:00:00,"1.5","138.026979979561","6"
"3499",2018-11-10 08:05:00,"1.5","192.958366075058","6"
"3500",2018-11-10 08:10:00,"1.5","204.479538275734","6"
"3501",2018-11-10 08:15:00,"1.5","939.416848981285","6"
"3502",2018-11-10 08:20:00,"1.5","31.5359268763228","6"
"3503",2018-11-10 08:25:00,"1.5","569.687087235621","6"
"3504",2018-11-10 08:30:00,"1.5","234.115641798872","6"
"3505",2018-11-10 08:35:00,"1.5","956.559789614261","6"
"3506",2018-11-10 08:40:00,"1.5","1492.93725673828","6"
"3507",2018-11-10 08:45:00,"1.5","137.823372498121","6"
"3508",2018-11-10 08:50:00,"1.5","190.692670264362","6"
"3509",2018-11-10 08:55:00,"1.5","99.95","6"
"3510",2018-11-10 09:00:00,"1.5","98.8656035956603","6"
"3511",2018-11-10 09:05:00,"1.5","168.79080896814","6"
"3512",2018-11-10 09:10:00,"1.5","447.616210275286","6"
"3513",2018-11-10 09:15:00,"1.5","107.614414954391","6"
"3514",2018-11-10 09:20:00,"1.5","73.4986282337083","6"
"3515",2018-11-10 09:25:00,"1.5","449.775843270502","6"
"3516",2018-11-10 09:30:00,"1.5","267.76364886546","6"
"3517",2018-11-10 09:35:00,"1.5","50.9734647033741","6"
"3518",2018-11-10 09:40:00,"1.5","89.0976322835239","6"
"3519",2018-11-10 09:45:00,"1.5","240.049436213452","6"
"3520",2018-11-10 09:50:00,"1.5","82.5876084431997","6"
"3521",2018-11-10 09:55:00,"1.5","979.773563725121","6"
"3522",2018-11-10 10:00:00,"1.5","186.562951359067","6"
"3523",2018-11-10 10:05:00,"1.5","48.7528324482562","6"
"3524",2018-11-10 10:10:00,"1.5","139.281347862272","6"
"3525",2018-11-10 10:15:00,"1.5","222.693452758573","6"
"3526",2018-11-10 10:20:00,"1.5","110.57257504277","6"
"3527",2018-11-10 10:25:00,"1.5","84.9663928344857","6"
"3528",2018-11-10 10:30:00,"1.5","369.811145715115","6"
"3529",2018-11-10 10:35:00,"1.5","101.787554321693","6"
"3530",2018-11-10 10:40:00,"1.5","551.617987623195","6"
"3531",2018-11-10 10:45:00,"1.5","2548.2846483871","6"
"3532",2018-11-10 10:50:00,"1.5","606.051261290322","6"
"3533",2018-11-10 10:55:00,"1.5","1933.2","6"
"3534",2018-11-10 11:00:00,"1.5","1784.51295204224","6"
"3535",2018-11-10 11:05:00,"1.5","201.424477871931","6"
"3536",2018-11-10 11:10:00,"1.5","209.4256","6"
"3537",2018-11-10 11:15:00,"1.5","2096.73741916108","6"
"3538",2018-11-10 11:20:00,"1.5","278.517553664423","6"
"3539",2018-11-10 11:25:00,"1.5","290.895555853321","6"
"3540",2018-11-10 11:30:00,"1.5","3209.61725591398","6"
"3541",2018-11-10 11:35:00,"1.5","207.854022877272","6"
"3542",2018-11-10 11:40:00,"1.5","577.6","6"
"3543",2018-11-10 11:45:00,"1.5","336.354877419355","6"
"3544",2018-11-10 11:50:00,"1.5","240.728434408602","6"
"3545",2018-11-10 11:55:00,"1.5","2416.61731207289","6"
"3546",2018-11-10 12:00:00,"1.5","229.803558156819","6"
"3547",2018-11-10 12:05:00,"1.5","2704.15041336025","6"
"3548",2018-11-10 12:10:00,"1.5","208.08","6"
"3549",2018-11-10 12:15:00,"1.5","1895.48381477718","6"
"3550",2018-11-10 12:20:00,"1.5","404.9","6"
"3551",2018-11-10 12:25:00,"1.5","46.5538200996758","6"
"3552",2018-11-10 12:30:00,"1.5","35.5903611659505","6"
"3553",2018-11-10 12:35:00,"1.5","299.132675279431","6"
"3554",2018-11-10 12:40:00,"1.5","37.1771713220463","6"
"3555",2018-11-10 12:45:00,"1.5","48.5904516129032","6"
"3556",2018-11-10 12:50:00,"1.5","206.382769632748","6"
"3557",2018-11-10 12:55:00,"1.5","518.391638844535","6"
"3558",2018-11-10 13:00:00,"1.5","166.453761994988","6"
"3559",2018-11-10 13:05:00,"1.5","343.89284558915","6"
"3560",2018-11-10 13:10:00,"1.5","340.900456762406","6"
"3561",2018-11-10 13:15:00,"1.5","636.871302075773","6"
"3562",2018-11-10 13:20:00,"1.5","959.667353436973","6"
"3563",2018-11-10 13:25:00,"1.5","149.599453081101","6"
"3564",2018-11-10 13:30:00,"1.5","929.273132664437","6"
"3565",2018-11-10 13:35:00,"1.5","60.2961310433348","6"
"3566",2018-11-10 13:40:00,"1.5","220.651121667986","6"
"3567",2018-11-10 13:45:00,"1.5","55.3969254589693","6"
"3568",2018-11-10 13:50:00,"1.5","527.882134343866","6"
"3569",2018-11-10 13:55:00,"1.5","133.251929776624","6"
"3570",2018-11-10 14:00:00,"1.5","195.1","6"
"3571",2018-11-10 14:05:00,"1.5","116.062572580094","6"
"3572",2018-11-10 14:10:00,"1.5","541.690477419355","6"
"3573",2018-11-10 14:15:00,"1.5","38.0524493243243","6"
"3574",2018-11-10 14:20:00,"1.5","220.151698924731","6"
"3575",2018-11-10 14:25:00,"1.5","195.4","6"
"3576",2018-11-10 14:30:00,"1.5","43.6966444593851","6"
"3577",2018-11-10 14:35:00,"1.5","245.767135059807","6"
"3578",2018-11-10 14:40:00,"1.5","203.214782430494","6"
"3579",2018-11-10 14:45:00,"1.5","366.927609811751","6"
"3580",2018-11-10 14:50:00,"1.5","94.4049277996567","6"
"3581",2018-11-10 14:55:00,"1.5","148.434159159159","6"
"3582",2018-11-10 15:00:00,"1.5","88.5200168918919","6"
"3583",2018-11-10 15:05:00,"1.5","126.181202009669","6"
"3584",2018-11-10 15:10:00,"1.5","303.465401459854","6"
"3585",2018-11-10 15:15:00,"1.5","173.4","6"
"3586",2018-11-10 15:20:00,"1.5","73.9812370125901","6"
"3587",2018-11-10 15:25:00,"1.5","20.0757230499562","6"
"3588",2018-11-10 15:30:00,"1.5","65.6521739130435","6"
"3589",2018-11-10 15:35:00,"1.5","675.249504950495","6"
"3590",2018-11-10 15:40:00,"1.5","52.9134075008602","6"
"3591",2018-11-10 15:45:00,"1.5","102.463720819438","6"
"3592",2018-11-10 15:50:00,"1.5","472.495427493105","6"
"3593",2018-11-10 15:55:00,"1.5","163.91393442623","6"
"3594",2018-11-10 16:00:00,"1.5","107.183794384806","6"
"3595",2018-11-10 16:05:00,"1.5","38.4706081081081","6"
"3596",2018-11-10 16:10:00,"1.5","61.7165316817532","6"
"3597",2018-11-10 16:15:00,"1.5","15.2419376244194","6"
"3598",2018-11-10 16:20:00,"1.5","82.0656830601093","6"
"3599",2018-11-10 16:25:00,"1.5","48.1405797101449","6"
"3600",2018-11-10 16:30:00,"1.5","71.5352531351602","6"
"3601",2018-11-10 16:35:00,"1.5","4.2","6"
"3602",2018-11-10 16:40:00,"1.5","17.344388849178","6"
"3603",2018-11-10 16:45:00,"1.5","2.26666666666667","6"
"3604",2018-11-10 16:50:00,"1.5","3.46934984520124","6"
"3605",2018-11-10 16:55:00,"1.5","1.20371517027864","6"
"3606",2018-11-10 17:00:00,"1.5","2.3","6"
"3607",2018-11-10 17:05:00,"1.5","1","6"
"3608",2018-11-10 17:10:00,"1.5","1","6"
"3609",2018-11-10 17:15:00,"1.5","1","6"
"3610",2018-11-10 17:20:00,"1.5","1","6"
"3611",2018-11-10 17:25:00,"1.5","1","6"
"3612",2018-11-10 17:30:00,"1.5","1","6"
"3613",2018-11-10 17:35:00,"1.5","1","6"
"3614",2018-11-10 17:40:00,"1.5","1","6"
"3615",2018-11-10 17:45:00,"1.5","1","6"
"3616",2018-11-10 17:50:00,"1.5","1","6"
"3617",2018-11-10 17:55:00,"1.5","1","6"
"3618",2018-11-10 18:00:00,"1.5","1","6"
"3619",2018-11-10 18:05:00,"1.5","1","6"
"3620",2018-11-10 18:10:00,"1.5","1","6"
"3621",2018-11-10 18:15:00,"1.5","1","6"
"3622",2018-11-10 18:20:00,"1.5","1","6"
"3623",2018-11-10 18:25:00,"1.5","1","6"
"3624",2018-11-10 18:30:00,"1.5","1","6"
"3625",2018-11-10 18:35:00,"1.5","1","6"
"3626",2018-11-10 18:40:00,"1.5","1","6"
"3627",2018-11-10 18:45:00,"1.5","1","6"
"3628",2018-11-10 18:50:00,"1.5","1","6"
"3629",2018-11-10 18:55:00,"1.5","1","6"
"3630",2018-11-10 19:00:00,"1.5","1","6"
"3631",2018-11-10 19:05:00,"1.5","1","6"
"3632",2018-11-10 19:10:00,"1.5","1","6"
"3633",2018-11-10 19:15:00,"1.5","1","6"
"3634",2018-11-10 19:20:00,"1.5","1","6"
"3635",2018-11-10 19:25:00,"1.5","1","6"
"3636",2018-11-10 19:30:00,"1.5","1","6"
"3637",2018-11-10 19:35:00,"1.5","1","6"
"3638",2018-11-10 19:40:00,"1.5","1","6"
"3639",2018-11-10 19:45:00,"1.5","1","6"
"3640",2018-11-10 19:50:00,"1.5","1","6"
"3641",2018-11-10 19:55:00,"1.5","1","6"
"3642",2018-11-10 20:00:00,"1.5","1","6"
"3643",2018-11-10 20:05:00,"1.5","1","6"
"3644",2018-11-10 20:10:00,"1.5","1","6"
"3645",2018-11-10 20:15:00,"1.5","1","6"
"3646",2018-11-10 20:20:00,"1.5","1","6"
"3647",2018-11-10 20:25:00,"1.5","1","6"
"3648",2018-11-10 20:30:00,"1.5","1","6"
"3649",2018-11-10 20:35:00,"1.5","1","6"
"3650",2018-11-10 20:40:00,"1.5","1","6"
"3651",2018-11-10 20:45:00,"1.5","1","6"
"3652",2018-11-10 20:50:00,"1.5","1","6"
"3653",2018-11-10 20:55:00,"1.5","1","6"
"3654",2018-11-10 21:00:00,"1.5","1","6"
"3655",2018-11-10 21:05:00,"1.5","1","6"
"3656",2018-11-10 21:10:00,"1.5","1","6"
"3657",2018-11-10 21:15:00,"1.5","1","6"
"3658",2018-11-10 21:20:00,"1.5","1","6"
"3659",2018-11-10 21:25:00,"1.5","1","6"
"3660",2018-11-10 21:30:00,"1.5","1","6"
"3661",2018-11-10 21:35:00,"1.5","1","6"
"3662",2018-11-10 21:40:00,"1.5","1","6"
"3663",2018-11-10 21:45:00,"1.5","1","6"
"3664",2018-11-10 21:50:00,"1.5","1","6"
"3665",2018-11-10 21:55:00,"1.5","1","6"
"3666",2018-11-10 22:00:00,"1.5","1","6"
"3667",2018-11-10 22:05:00,"1.5","1","6"
"3668",2018-11-10 22:10:00,"1.5","1","6"
"3669",2018-11-10 22:15:00,"1.5","1","6"
"3670",2018-11-10 22:20:00,"1.5","1","6"
"3671",2018-11-10 22:25:00,"1.5","1","6"
"3672",2018-11-10 22:30:00,"1.5","1","6"
"3673",2018-11-10 22:35:00,"1.5","1","6"
"3674",2018-11-10 22:40:00,"1.5","1","6"
"3675",2018-11-10 22:45:00,"1.5","1","6"
"3676",2018-11-10 22:50:00,"1.5","1","6"
"3677",2018-11-10 22:55:00,"1.5","1","6"
"3678",2018-11-10 23:00:00,"1.5","1","6"
"3679",2018-11-10 23:05:00,"1.5","1","6"
"3680",2018-11-10 23:10:00,"1.5","1","6"
"3681",2018-11-10 23:15:00,"1.5","1","6"
"3682",2018-11-10 23:20:00,"1.5","1","6"
"3683",2018-11-10 23:25:00,"1.5","1","6"
"3684",2018-11-10 23:30:00,"1.5","1","6"
"3685",2018-11-10 23:35:00,"1.5","1","6"
"3686",2018-11-10 23:40:00,"1.5","1","6"
"3687",2018-11-10 23:45:00,"1.5","1","6"
"3688",2018-11-10 23:50:00,"1.5","1","6"
"3689",2018-11-10 23:55:00,"1.5","1","6"
"3690",2018-11-11 00:00:00,"1.5","1","6"
"3691",2018-11-11 00:05:00,"1.5","1","6"
"3692",2018-11-11 00:10:00,"1.5","1","6"
"3693",2018-11-11 00:15:00,"1.5","1","6"
"3694",2018-11-11 00:20:00,"1.5","1","6"
"3695",2018-11-11 00:25:00,"1.5","1","6"
"3696",2018-11-11 00:30:00,"1.5","1","6"
"3697",2018-11-11 00:35:00,"1.5","1","6"
"3698",2018-11-11 00:40:00,"1.5","1","6"
"3699",2018-11-11 00:45:00,"1.5","1","6"
"3700",2018-11-11 00:50:00,"1.5","1","6"
"3701",2018-11-11 00:55:00,"1.5","1","6"
"3702",2018-11-11 01:00:00,"1.5","1","6"
"3703",2018-11-11 01:05:00,"1.5","1","6"
"3704",2018-11-11 01:10:00,"1.5","1","6"
"3705",2018-11-11 01:15:00,"1.5","1","6"
"3706",2018-11-11 01:20:00,"1.5","1","6"
"3707",2018-11-11 01:25:00,"1.5","1","6"
"3708",2018-11-11 01:30:00,"1.5","1","6"
"3709",2018-11-11 01:35:00,"1.5","1","6"
"3710",2018-11-11 01:40:00,"1.5","1","6"
"3711",2018-11-11 01:45:00,"1.5","1","6"
"3712",2018-11-11 01:50:00,"1.5","1","6"
"3713",2018-11-11 01:55:00,"1.5","1","6"
"3714",2018-11-11 02:00:00,"1.5","1","6"
"3715",2018-11-11 02:05:00,"1.5","1","6"
"3716",2018-11-11 02:10:00,"1.5","1","6"
"3717",2018-11-11 02:15:00,"1.5","1","6"
"3718",2018-11-11 02:20:00,"1.5","1","6"
"3719",2018-11-11 02:25:00,"1.5","1","6"
"3720",2018-11-11 02:30:00,"1.5","1","6"
"3721",2018-11-11 02:35:00,"1.5","1","6"
"3722",2018-11-11 02:40:00,"1.5","1","6"
"3723",2018-11-11 02:45:00,"1.5","1","6"
"3724",2018-11-11 02:50:00,"1.5","1","6"
"3725",2018-11-11 02:55:00,"1.5","1","6"
"3726",2018-11-11 03:00:00,"1.5","1","6"
"3727",2018-11-11 03:05:00,"1.5","1","6"
"3728",2018-11-11 03:10:00,"1.5","1","6"
"3729",2018-11-11 03:15:00,"1.5","1","6"
"3730",2018-11-11 03:20:00,"1.5","1","6"
"3731",2018-11-11 03:25:00,"1.5","1","6"
"3732",2018-11-11 03:30:00,"1.5","1","6"
"3733",2018-11-11 03:35:00,"1.5","1","6"
"3734",2018-11-11 03:40:00,"1.5","1","6"
"3735",2018-11-11 03:45:00,"1.5","1","6"
"3736",2018-11-11 03:50:00,"1.5","1","6"
"3737",2018-11-11 03:55:00,"1.5","1","6"
"3738",2018-11-11 04:00:00,"1.5","1","6"
"3739",2018-11-11 04:05:00,"1.5","1","6"
"3740",2018-11-11 04:10:00,"1.5","113.921613423073","6"
"3741",2018-11-11 04:15:00,"1.5","12.6050185873606","6"
"3742",2018-11-11 04:20:00,"1.5","23.4600619195046","6"
"3743",2018-11-11 04:25:00,"1.5","16.1587923025879","6"
"3744",2018-11-11 04:30:00,"1.5","24.318337408313","6"
"3745",2018-11-11 04:35:00,"1.5","22.680602006689","6"
"3746",2018-11-11 04:40:00,"1.5","18.1571138211382","6"
"3747",2018-11-11 04:45:00,"1.5","10.5592072667217","6"
"3748",2018-11-11 04:50:00,"1.5","40.4400760135135","6"
"3749",2018-11-11 04:55:00,"1.5","13.8853242320819","6"
"3750",2018-11-11 05:00:00,"1.5","46.8202229792505","6"
"3751",2018-11-11 05:05:00,"1.5","20.5336785057582","6"
"3752",2018-11-11 05:10:00,"1.5","17.6","6"
"3753",2018-11-11 05:15:00,"1.5","93.52509338186","6"
"3754",2018-11-11 05:20:00,"1.5","90.2685430463576","6"
"3755",2018-11-11 05:25:00,"1.5","51.3419680707134","6"
"3756",2018-11-11 05:30:00,"1.5","44.4025042916288","6"
"3757",2018-11-11 05:35:00,"1.5","48.2827652162033","6"
"3758",2018-11-11 05:40:00,"1.5","162.912340323793","6"
"3759",2018-11-11 05:45:00,"1.5","22.7592081271164","6"
"3760",2018-11-11 05:50:00,"1.5","124.728465059089","6"
"3761",2018-11-11 05:55:00,"1.5","127.747140330967","6"
"3762",2018-11-11 06:00:00,"1.5","51.7660608523981","6"
"3763",2018-11-11 06:05:00,"1.5","20.1820889405014","6"
"3764",2018-11-11 06:10:00,"1.5","478.496692449661","6"
"3765",2018-11-11 06:15:00,"1.5","317.04051135154","6"
"3766",2018-11-11 06:20:00,"1.5","72.6203749836109","6"
"3767",2018-11-11 06:25:00,"1.5","98.39229752728","6"
"3768",2018-11-11 06:30:00,"1.5","82.8515518177902","6"
"3769",2018-11-11 06:35:00,"1.5","497.001374184683","6"
"3770",2018-11-11 06:40:00,"1.5","354.4","6"
"3771",2018-11-11 06:45:00,"1.5","393.803572789461","6"
"3772",2018-11-11 06:50:00,"1.5","126.500626009327","6"
"3773",2018-11-11 06:55:00,"1.5","420.316227366491","6"
"3774",2018-11-11 07:00:00,"1.5","239.643122183206","6"
"3775",2018-11-11 07:05:00,"1.5","84.0731188471588","6"
"3776",2018-11-11 07:10:00,"1.5","196.956222782489","6"
"3777",2018-11-11 07:15:00,"1.5","187.438614827202","6"
"3778",2018-11-11 07:20:00,"1.5","128.947604859042","6"
"3779",2018-11-11 07:25:00,"1.5","89.0990802675585","6"
"3780",2018-11-11 07:30:00,"1.5","136.978186263274","6"
"3781",2018-11-11 07:35:00,"1.5","159.169555526419","6"
"3782",2018-11-11 07:40:00,"1.5","103.912146696885","6"
"3783",2018-11-11 07:45:00,"1.5","116.880678651059","6"
"3784",2018-11-11 07:50:00,"1.5","50.1062076831355","6"
"3785",2018-11-11 07:55:00,"1.5","271.3","6"
"3786",2018-11-11 08:00:00,"1.5","69.5122322580645","6"
"3787",2018-11-11 08:05:00,"1.5","84.232217856659","6"
"3788",2018-11-11 08:10:00,"1.5","48.4723316747446","6"
"3789",2018-11-11 08:15:00,"1.5","269.141504041806","6"
"3790",2018-11-11 08:20:00,"1.5","89.7901596760639","6"
"3791",2018-11-11 08:25:00,"1.5","134.619958299243","6"
"3792",2018-11-11 08:30:00,"1.5","293.779966847103","6"
"3793",2018-11-11 08:35:00,"1.5","163.038422234265","6"
"3794",2018-11-11 08:40:00,"1.5","298.277090507335","6"
"3795",2018-11-11 08:45:00,"1.5","71.2304303997548","6"
"3796",2018-11-11 08:50:00,"1.5","121.763604692306","6"
"3797",2018-11-11 08:55:00,"1.5","120.310021255638","6"
"3798",2018-11-11 09:00:00,"1.5","141.16433499556","6"
"3799",2018-11-11 09:05:00,"1.5","94.3206076234715","6"
"3800",2018-11-11 09:10:00,"1.5","126.900921040217","6"
"3801",2018-11-11 09:15:00,"1.5","192.749883418161","6"
"3802",2018-11-11 09:20:00,"1.5","137.148893960533","6"
"3803",2018-11-11 09:25:00,"1.5","250.306840786658","6"
"3804",2018-11-11 09:30:00,"1.5","98.7989755819379","6"
"3805",2018-11-11 09:35:00,"1.5","319.9","6"
"3806",2018-11-11 09:40:00,"1.5","1164.77564293836","6"
"3807",2018-11-11 09:45:00,"1.5","111.493008450412","6"
"3808",2018-11-11 09:50:00,"1.5","178.221501864402","6"
"3809",2018-11-11 09:55:00,"1.5","128.532378039297","6"
"3810",2018-11-11 10:00:00,"1.5","114.14364614151","6"
"3811",2018-11-11 10:05:00,"1.5","66.9886173466743","6"
"3812",2018-11-11 10:10:00,"1.5","82.7008003174173","6"
"3813",2018-11-11 10:15:00,"1.5","79.6678659369254","6"
"3814",2018-11-11 10:20:00,"1.5","294.74704995411","6"
"3815",2018-11-11 10:25:00,"1.5","265.084729189892","6"
"3816",2018-11-11 10:30:00,"1.5","531.492412045713","6"
"3817",2018-11-11 10:35:00,"1.5","1850.67884615385","6"
"3818",2018-11-11 10:40:00,"1.5","313.084893955137","6"
"3819",2018-11-11 10:45:00,"1.5","1439.63968830003","6"
"3820",2018-11-11 10:50:00,"1.5","154.966856526668","6"
"3821",2018-11-11 10:55:00,"1.5","216.281686051786","6"
"3822",2018-11-11 11:00:00,"1.5","331.528467741935","6"
"3823",2018-11-11 11:05:00,"1.5","298.515925806452","6"
"3824",2018-11-11 11:10:00,"1.5","2329.34836129032","6"
"3825",2018-11-11 11:15:00,"1.5","188.176103225806","6"
"3826",2018-11-11 11:20:00,"1.5","754.4","6"
"3827",2018-11-11 11:25:00,"1.5","1665.58656795858","6"
"3828",2018-11-11 11:30:00,"1.5","65.1154677419355","6"
"3829",2018-11-11 11:35:00,"1.5","283.940853200355","6"
"3830",2018-11-11 11:40:00,"1.5","227.905656221844","6"
"3831",2018-11-11 11:45:00,"1.5","257.613699266456","6"
"3832",2018-11-11 11:50:00,"1.5","2722.15029677419","6"
"3833",2018-11-11 11:55:00,"1.5","239.757525083612","6"
"3834",2018-11-11 12:00:00,"1.5","237.028500602975","6"
"3835",2018-11-11 12:05:00,"1.5","196.751904001548","6"
"3836",2018-11-11 12:10:00,"1.5","301.442313072396","6"
"3837",2018-11-11 12:15:00,"1.5","157.383050162834","6"
"3838",2018-11-11 12:20:00,"1.5","150.057927102853","6"
"3839",2018-11-11 12:25:00,"1.5","257.971970756684","6"
"3840",2018-11-11 12:30:00,"1.5","296.828931879965","6"
"3841",2018-11-11 12:35:00,"1.5","222.457135050208","6"
"3842",2018-11-11 12:40:00,"1.5","1674.48570184352","6"
"3843",2018-11-11 12:45:00,"1.5","746.066243623243","6"
"3844",2018-11-11 12:50:00,"1.5","1362.12066499603","6"
"3845",2018-11-11 12:55:00,"1.5","113.261389773366","6"
"3846",2018-11-11 13:00:00,"1.5","926.092531572071","6"
"3847",2018-11-11 13:05:00,"1.5","111.349049208884","6"
"3848",2018-11-11 13:10:00,"1.5","92.6995399526553","6"
"3849",2018-11-11 13:15:00,"1.5","125.142137634409","6"
"3850",2018-11-11 13:20:00,"1.5","173.89104516129","6"
"3851",2018-11-11 13:25:00,"1.5","463.693575575951","6"
"3852",2018-11-11 13:30:00,"1.5","82.423541434411","6"
"3853",2018-11-11 13:35:00,"1.5","2688.47946000871","6"
"3854",2018-11-11 13:40:00,"1.5","313.6","6"
"3855",2018-11-11 13:45:00,"1.5","218.138052256532","6"
"3856",2018-11-11 13:50:00,"1.5","902.107861254165","6"
"3857",2018-11-11 13:55:00,"1.5","559.439381270903","6"
"3858",2018-11-11 14:00:00,"1.5","263.153311894234","6"
"3859",2018-11-11 14:05:00,"1.5","79.4324144198728","6"
"3860",2018-11-11 14:10:00,"1.5","143.378330042968","6"
"3861",2018-11-11 14:15:00,"1.5","46.8456044594124","6"
"3862",2018-11-11 14:20:00,"1.5","43.1329694576704","6"
"3863",2018-11-11 14:25:00,"1.5","104.946726972679","6"
"3864",2018-11-11 14:30:00,"1.5","233.255417489258","6"
"3865",2018-11-11 14:35:00,"1.5","297.256174193548","6"
"3866",2018-11-11 14:40:00,"1.5","53.0975476466972","6"
"3867",2018-11-11 14:45:00,"1.5","83.3","6"
"3868",2018-11-11 14:50:00,"1.5","75.9055886195384","6"
"3869",2018-11-11 14:55:00,"1.5","59.8198510827242","6"
"3870",2018-11-11 15:00:00,"1.5","73.9183636772308","6"
"3871",2018-11-11 15:05:00,"1.5","284.522701730726","6"
"3872",2018-11-11 15:10:00,"1.5","59.5715793918919","6"
"3873",2018-11-11 15:15:00,"1.5","15.8460143841774","6"
"3874",2018-11-11 15:20:00,"1.5","49.2429612691153","6"
"3875",2018-11-11 15:25:00,"1.5","91.0829415715245","6"
"3876",2018-11-11 15:30:00,"1.5","57.3521426082917","6"
"3877",2018-11-11 15:35:00,"1.5","32.6559052374869","6"
"3878",2018-11-11 15:40:00,"1.5","184.056044795113","6"
"3879",2018-11-11 15:45:00,"1.5","49.1855795895729","6"
"3880",2018-11-11 15:50:00,"1.5","18.3802517231046","6"
"3881",2018-11-11 15:55:00,"1.5","60.3700081499592","6"
"3882",2018-11-11 16:00:00,"1.5","45.6193714172761","6"
"3883",2018-11-11 16:05:00,"1.5","9.91112469437653","6"
"3884",2018-11-11 16:10:00,"1.5","10.5390163934426","6"
"3885",2018-11-11 16:15:00,"1.5","15.3132404181185","6"
"3886",2018-11-11 16:20:00,"1.5","82.7789408485599","6"
"3887",2018-11-11 16:25:00,"1.5","33.3138686131387","6"
"3888",2018-11-11 16:30:00,"1.5","13.6914378029079","6"
"3889",2018-11-11 16:35:00,"1.5","48.9673770491803","6"
"3890",2018-11-11 16:40:00,"1.5","4.36486486486486","6"
"3891",2018-11-11 16:45:00,"1.5","4.50119521912351","6"
"3892",2018-11-11 16:50:00,"1.5","10.1234200743494","6"
"3893",2018-11-11 16:55:00,"1.5","7.81209302325581","6"
"3894",2018-11-11 17:00:00,"1.5","2.2","6"
"3895",2018-11-11 17:05:00,"1.5","1","6"
"3896",2018-11-11 17:10:00,"1.5","1","6"
"3897",2018-11-11 17:15:00,"1.5","1","6"
"3898",2018-11-11 17:20:00,"1.5","1","6"
"3899",2018-11-11 17:25:00,"1.5","1","6"
"3900",2018-11-11 17:30:00,"1.5","1","6"
"3901",2018-11-11 17:35:00,"1.5","1","6"
"3902",2018-11-11 17:40:00,"1.5","1","6"
"3903",2018-11-11 17:45:00,"1.5","1","6"
"3904",2018-11-11 17:50:00,"1.5","1","6"
"3905",2018-11-11 17:55:00,"1.5","1","6"
"3906",2018-11-11 18:00:00,"1.5","1","6"
"3907",2018-11-11 18:05:00,"1.5","1","6"
"3908",2018-11-11 18:10:00,"1.5","1","6"
"3909",2018-11-11 18:15:00,"1.5","1","6"
"3910",2018-11-11 18:20:00,"1.5","1","6"
"3911",2018-11-11 18:25:00,"1.5","1","6"
"3912",2018-11-11 18:30:00,"1.5","1","6"
"3913",2018-11-11 18:35:00,"1.5","1","6"
"3914",2018-11-11 18:40:00,"1.5","1","6"
"3915",2018-11-11 18:45:00,"1.5","1","6"
"3916",2018-11-11 18:50:00,"1.5","1","6"
"3917",2018-11-11 18:55:00,"1.5","1","6"
"3918",2018-11-11 19:00:00,"1.5","1","6"
"3919",2018-11-11 19:05:00,"1.5","1","6"
"3920",2018-11-11 19:10:00,"1.5","1","6"
"3921",2018-11-11 19:15:00,"1.5","1","6"
"3922",2018-11-11 19:20:00,"1.5","1","6"
"3923",2018-11-11 19:25:00,"1.5","1","6"
"3924",2018-11-11 19:30:00,"1.5","1","6"
"3925",2018-11-11 19:35:00,"1.5","1","6"
"3926",2018-11-11 19:40:00,"1.5","1","6"
"3927",2018-11-11 19:45:00,"1.5","1","6"
"3928",2018-11-11 19:50:00,"1.5","1","6"
"3929",2018-11-11 19:55:00,"1.5","1","6"
"3930",2018-11-11 20:00:00,"1.5","1","6"
"3931",2018-11-11 20:05:00,"1.5","1","6"
"3932",2018-11-11 20:10:00,"1.5","1","6"
"3933",2018-11-11 20:15:00,"1.5","1","6"
"3934",2018-11-11 20:20:00,"1.5","1","6"
"3935",2018-11-11 20:25:00,"1.5","1","6"
"3936",2018-11-11 20:30:00,"1.5","1","6"
"3937",2018-11-11 20:35:00,"1.5","1","6"
"3938",2018-11-11 20:40:00,"1.5","1","6"
"3939",2018-11-11 20:45:00,"1.5","1","6"
"3940",2018-11-11 20:50:00,"1.5","1","6"
"3941",2018-11-11 20:55:00,"1.5","1","6"
"3942",2018-11-11 21:00:00,"1.5","1","6"
"3943",2018-11-11 21:05:00,"1.5","1","6"
"3944",2018-11-11 21:10:00,"1.5","1","6"
"3945",2018-11-11 21:15:00,"1.5","1","6"
"3946",2018-11-11 21:20:00,"1.5","1","6"
"3947",2018-11-11 21:25:00,"1.5","1","6"
"3948",2018-11-11 21:30:00,"1.5","1","6"
"3949",2018-11-11 21:35:00,"1.5","1","6"
"3950",2018-11-11 21:40:00,"1.5","1","6"
"3951",2018-11-11 21:45:00,"1.5","1","6"
"3952",2018-11-11 21:50:00,"1.5","1","6"
"3953",2018-11-11 21:55:00,"1.5","1","6"
"3954",2018-11-11 22:00:00,"1.5","1","6"
"3955",2018-11-11 22:05:00,"1.5","1","6"
"3956",2018-11-11 22:10:00,"1.5","1","6"
"3957",2018-11-11 22:15:00,"1.5","1","6"
"3958",2018-11-11 22:20:00,"1.5","1","6"
"3959",2018-11-11 22:25:00,"1.5","1","6"
"3960",2018-11-11 22:30:00,"1.5","1","6"
"3961",2018-11-11 22:35:00,"1.5","1","6"
"3962",2018-11-11 22:40:00,"1.5","1","6"
"3963",2018-11-11 22:45:00,"1.5","1","6"
"3964",2018-11-11 22:50:00,"1.5","1","6"
"3965",2018-11-11 22:55:00,"1.5","1","6"
"3966",2018-11-11 23:00:00,"1.5","1","6"
"3967",2018-11-11 23:05:00,"1.5","1","6"
"3968",2018-11-11 23:10:00,"1.5","1","6"
"3969",2018-11-11 23:15:00,"1.5","1","6"
"3970",2018-11-11 23:20:00,"1.5","1","6"
"3971",2018-11-11 23:25:00,"1.5","1","6"
"3972",2018-11-11 23:30:00,"1.5","1","6"
"3973",2018-11-11 23:35:00,"1.5","1","6"
"3974",2018-11-11 23:40:00,"1.5","1","6"
"3975",2018-11-11 23:45:00,"1.5","1","6"
"3976",2018-11-11 23:50:00,"1.5","1","6"
"3977",2018-11-11 23:55:00,"1.5","1","6"
"3978",2018-11-12 00:00:00,"1.5","1","6"
"3979",2018-11-12 00:05:00,"1.5","1","6"
"3980",2018-11-12 00:10:00,"1.5","1","6"
"3981",2018-11-12 00:15:00,"1.5","1","6"
"3982",2018-11-12 00:20:00,"1.5","1","6"
"3983",2018-11-12 00:25:00,"1.5","1","6"
"3984",2018-11-12 00:30:00,"1.5","1","6"
"3985",2018-11-12 00:35:00,"1.5","1","6"
"3986",2018-11-12 00:40:00,"1.5","1","6"
"3987",2018-11-12 00:45:00,"1.5","1","6"
"3988",2018-11-12 00:50:00,"1.5","1","6"
"3989",2018-11-12 00:55:00,"1.5","1","6"
"3990",2018-11-12 01:00:00,"1.5","1","6"
"3991",2018-11-12 01:05:00,"1.5","1","6"
"3992",2018-11-12 01:10:00,"1.5","1","6"
"3993",2018-11-12 01:15:00,"1.5","1","6"
"3994",2018-11-12 01:20:00,"1.5","1","6"
"3995",2018-11-12 01:25:00,"1.5","1","6"
"3996",2018-11-12 01:30:00,"1.5","1","6"
"3997",2018-11-12 01:35:00,"1.5","1","6"
"3998",2018-11-12 01:40:00,"1.5","1","6"
"3999",2018-11-12 01:45:00,"1.5","1","6"
"4000",2018-11-12 01:50:00,"1.5","1","6"
"4001",2018-11-12 01:55:00,"1.5","1","6"
"4002",2018-11-12 02:00:00,"1.5","1","6"
"4003",2018-11-12 02:05:00,"1.5","1","6"
"4004",2018-11-12 02:10:00,"1.5","1","6"
"4005",2018-11-12 02:15:00,"1.5","1","6"
"4006",2018-11-12 02:20:00,"1.5","1","6"
"4007",2018-11-12 02:25:00,"1.5","1","6"
"4008",2018-11-12 02:30:00,"1.5","1","6"
"4009",2018-11-12 02:35:00,"1.5","1","6"
"4010",2018-11-12 02:40:00,"1.5","1","6"
"4011",2018-11-12 02:45:00,"1.5","1","6"
"4012",2018-11-12 02:50:00,"1.5","1","6"
"4013",2018-11-12 02:55:00,"1.5","1","6"
"4014",2018-11-12 03:00:00,"1.5","1","6"
"4015",2018-11-12 03:05:00,"1.5","1","6"
"4016",2018-11-12 03:10:00,"1.5","1","6"
"4017",2018-11-12 03:15:00,"1.5","1","6"
"4018",2018-11-12 03:20:00,"1.5","1","6"
"4019",2018-11-12 03:25:00,"1.5","1","6"
"4020",2018-11-12 03:30:00,"1.5","1","6"
"4021",2018-11-12 03:35:00,"1.5","1","6"
"4022",2018-11-12 03:40:00,"1.5","1","6"
"4023",2018-11-12 03:45:00,"1.5","1","6"
"4024",2018-11-12 03:50:00,"1.5","1","6"
"4025",2018-11-12 03:55:00,"1.5","1","6"
"4026",2018-11-12 04:00:00,"1.5","1","6"
"4027",2018-11-12 04:05:00,"1.5","1","6"
"4028",2018-11-12 04:10:00,"1.5","113.921613423073","6"
"4029",2018-11-12 04:15:00,"1.5","0.823048327137546","6"
"4030",2018-11-12 04:20:00,"1.5","13.5383275261324","6"
"4031",2018-11-12 04:25:00,"1.5","19.6562544674768","6"
"4032",2018-11-12 04:30:00,"1.5","16.2127868852459","6"
"4033",2018-11-12 04:35:00,"1.5","12.0793721973094","6"
"4034",2018-11-12 04:40:00,"1.5","44.1628086010088","6"
"4035",2018-11-12 04:45:00,"1.5","23.3333333333333","6"
"4036",2018-11-12 04:50:00,"1.5","63.0819672131148","6"
"4037",2018-11-12 04:55:00,"1.5","14.3432273838631","6"
"4038",2018-11-12 05:00:00,"1.5","8.50202477370176","6"
"4039",2018-11-12 05:05:00,"1.5","61.5904189435337","6"
"4040",2018-11-12 05:10:00,"1.5","52.024315233061","6"
"4041",2018-11-12 05:15:00,"1.5","13.8703026670662","6"
"4042",2018-11-12 05:20:00,"1.5","93.9478161196911","6"
"4043",2018-11-12 05:25:00,"1.5","49.8938885157824","6"
"4044",2018-11-12 05:30:00,"1.5","63.0687464158734","6"
"4045",2018-11-12 05:35:00,"1.5","30.3817191671116","6"
"4046",2018-11-12 05:40:00,"1.5","12.233263543575","6"
"4047",2018-11-12 05:45:00,"1.5","17.4537572254335","6"
"4048",2018-11-12 05:50:00,"1.5","126.051378370191","6"
"4049",2018-11-12 05:55:00,"1.5","15.4538461538461","6"
"4050",2018-11-12 06:00:00,"1.5","22.5060473425636","6"
"4051",2018-11-12 06:05:00,"1.5","15.9764718162839","6"
"4052",2018-11-12 06:10:00,"1.5","194.7","6"
"4053",2018-11-12 06:15:00,"1.5","58.6742756027428","6"
"4054",2018-11-12 06:20:00,"1.5","27.3972539669489","6"
"4055",2018-11-12 06:25:00,"1.5","22.8210411784399","6"
"4056",2018-11-12 06:30:00,"1.5","81.2423586110788","6"
"4057",2018-11-12 06:35:00,"1.5","35.8671497584541","6"
"4058",2018-11-12 06:40:00,"1.5","40.2038321962549","6"
"4059",2018-11-12 06:45:00,"1.5","118.56731404545","6"
"4060",2018-11-12 06:50:00,"1.5","37.0033070284251","6"
"4061",2018-11-12 06:55:00,"1.5","70.6233612903226","6"
"4062",2018-11-12 07:00:00,"1.5","41.649962563985","6"
"4063",2018-11-12 07:05:00,"1.5","142.13247365938","6"
"4064",2018-11-12 07:10:00,"1.5","155.926501095305","6"
"4065",2018-11-12 07:15:00,"1.5","183.435825701391","6"
"4066",2018-11-12 07:20:00,"1.5","207.983769973987","6"
"4067",2018-11-12 07:25:00,"1.5","19.4588713468079","6"
"4068",2018-11-12 07:30:00,"1.5","40.8560852577207","6"
"4069",2018-11-12 07:35:00,"1.5","199.815382382153","6"
"4070",2018-11-12 07:40:00,"1.5","59.627243695202","6"
"4071",2018-11-12 07:45:00,"1.5","86.5665336931861","6"
"4072",2018-11-12 07:50:00,"1.5","103.372260513328","6"
"4073",2018-11-12 07:55:00,"1.5","126.807062894835","6"
"4074",2018-11-12 08:00:00,"1.5","75.6807323823717","6"
"4075",2018-11-12 08:05:00,"1.5","61.70857220276","6"
"4076",2018-11-12 08:10:00,"1.5","57.8247668356176","6"
"4077",2018-11-12 08:15:00,"1.5","112.291276893566","6"
"4078",2018-11-12 08:20:00,"1.5","404.999319561253","6"
"4079",2018-11-12 08:25:00,"1.5","49.5377997561306","6"
"4080",2018-11-12 08:30:00,"1.5","121.137962205389","6"
"4081",2018-11-12 08:35:00,"1.5","1021.68378834636","6"
"4082",2018-11-12 08:40:00,"1.5","73.2672575221168","6"
"4083",2018-11-12 08:45:00,"1.5","90.7040437555083","6"
"4084",2018-11-12 08:50:00,"1.5","238.332494629067","6"
"4085",2018-11-12 08:55:00,"1.5","69.881543779429","6"
"4086",2018-11-12 09:00:00,"1.5","54.8958958329301","6"
"4087",2018-11-12 09:05:00,"1.5","252.387589203769","6"
"4088",2018-11-12 09:10:00,"1.5","65.213181459405","6"
"4089",2018-11-12 09:15:00,"1.5","154.988387120943","6"
"4090",2018-11-12 09:20:00,"1.5","197.198210899721","6"
"4091",2018-11-12 09:25:00,"1.5","71.5984148489365","6"
"4092",2018-11-12 09:30:00,"1.5","352.440006368353","6"
"4093",2018-11-12 09:35:00,"1.5","550.801007828296","6"
"4094",2018-11-12 09:40:00,"1.5","232.547903126112","6"
"4095",2018-11-12 09:45:00,"1.5","150.554221843451","6"
"4096",2018-11-12 09:50:00,"1.5","815.656492301312","6"
"4097",2018-11-12 09:55:00,"1.5","62.5454240385272","6"
"4098",2018-11-12 10:00:00,"1.5","115.011206335935","6"
"4099",2018-11-12 10:05:00,"1.5","227.128615624688","6"
"4100",2018-11-12 10:10:00,"1.5","182.8","6"
"4101",2018-11-12 10:15:00,"1.5","393.1","6"
"4102",2018-11-12 10:20:00,"1.5","380.952116709335","6"
"4103",2018-11-12 10:25:00,"1.5","184.837872657001","6"
"4104",2018-11-12 10:30:00,"1.5","131.374342845392","6"
"4105",2018-11-12 10:35:00,"1.5","722.004763915648","6"
"4106",2018-11-12 10:40:00,"1.5","148.543122580645","6"
"4107",2018-11-12 10:45:00,"1.5","258.979699152619","6"
"4108",2018-11-12 10:50:00,"1.5","268.720791052617","6"
"4109",2018-11-12 10:55:00,"1.5","123.110230645161","6"
"4110",2018-11-12 11:00:00,"1.5","165.084192772417","6"
"4111",2018-11-12 11:05:00,"1.5","136.666666666667","6"
"4112",2018-11-12 11:10:00,"1.5","326.051883955789","6"
"4113",2018-11-12 11:15:00,"1.5","552.572524154589","6"
"4114",2018-11-12 11:20:00,"1.5","754.811737907008","6"
"4115",2018-11-12 11:25:00,"1.5","377.282190635452","6"
"4116",2018-11-12 11:30:00,"1.5","1332.84746905004","6"
"4117",2018-11-12 11:35:00,"1.5","1124.46161154953","6"
"4118",2018-11-12 11:40:00,"1.5","575.862140472389","6"
"4119",2018-11-12 11:45:00,"1.5","321.7","6"
"4120",2018-11-12 11:50:00,"1.5","199.208676417729","6"
"4121",2018-11-12 11:55:00,"1.5","175.172213571221","6"
"4122",2018-11-12 12:00:00,"1.5","239.501467741935","6"
"4123",2018-11-12 12:05:00,"1.5","900.190666279576","6"
"4124",2018-11-12 12:10:00,"1.5","5985.70075772971","6"
"4125",2018-11-12 12:15:00,"1.5","123.642058064516","6"
"4126",2018-11-12 12:20:00,"1.5","300.853288307561","6"
"4127",2018-11-12 12:25:00,"1.5","734.461790322581","6"
"4128",2018-11-12 12:30:00,"1.5","307.44","6"
"4129",2018-11-12 12:35:00,"1.5","758.896722580645","6"
